Game State,Home Team,Home Conference,Home Score,Away Team,Away Conference,Away Score,Result,Neutral Field?,Date,NCAA Game ID Link
final,George Washington,Atlantic 10,2,Old Dominion,Sun Belt,4,-1,0,08-22-2024,/game/6309614
final,VMI,SoCon,4,Emory & Henry,SAC,2,1,0,08-22-2024,/game/6309615
final,Delaware,CAA,3,Howard,NEC,0,1,0,08-22-2024,/game/6309616
final,Boston U.,Patriot,0,New Hampshire,America East,0,0,0,08-22-2024,/game/6309622
final,Villanova,Big East,2,Saint Peter's,MAAC,2,0,0,08-22-2024,/game/6309621
final,LIU,NEC,2,Stony Brook,CAA,1,1,0,08-22-2024,/game/6309620
final,Robert Morris,Horizon,0,Bucknell,Patriot,2,-1,0,08-22-2024,/game/6309617
final,Le Moyne,NEC,3,Canisius,MAAC,2,1,0,08-22-2024,/game/6309618
final,Louisville,ACC,2,Jacksonville,ASUN,0,1,0,08-22-2024,/game/6309630
final,Siena,MAAC,0,Massachusetts,Atlantic 10,0,0,0,08-22-2024,/game/6309628
final,Ga. Southern,Sun Belt,0,Wofford,SoCon,0,0,0,08-22-2024,/game/6309625
final,St. Thomas (MN),Summit League,1,NIU,MVC,0,1,0,08-22-2024,/game/6309619
final,Boston College,ACC,2,Iona,MAAC,2,0,0,08-22-2024,/game/6309632
final,Western Mich.,MVC,3,Vermont,America East,1,1,0,08-22-2024,/game/6309631
final,Eastern Ill.,OVC,3,UChicago,UAA,0,1,0,08-22-2024,/game/6309629
final,Sacred Heart,MAAC,4,Holy Cross,Patriot,2,1,0,08-22-2024,/game/6309639
final,Niagara,MAAC,2,UAlbany,America East,3,-1,0,08-22-2024,/game/6309638
final,Temple,The American,1,Army West Point,Patriot,1,0,0,08-22-2024,/game/6309637
final,UMass Lowell,America East,1,Lafayette,Patriot,1,0,0,08-22-2024,/game/6309641
final,NC State,ACC,3,High Point,Big South,2,1,0,08-22-2024,/game/6309635
final,St. Bonaventure,Atlantic 10,0,Saint Francis,NEC,3,-1,0,08-22-2024,/game/6309634
final,FDU,NEC,3,Manhattan,MAAC,2,1,0,08-22-2024,/game/6309642
final,Milwaukee,Horizon,0,Lindenwood,OVC,0,0,0,08-22-2024,/game/6309627
final,Marquette,Big East,2,Drexel,CAA,0,1,0,08-22-2024,/game/6309633
final,Providence,Big East,2,Quinnipiac,MAAC,0,1,0,08-22-2024,/game/6309656
final,Colgate,Patriot,0,Syracuse,ACC,1,-1,0,08-22-2024,/game/6309665
final,South Carolina,Sun Belt,7,Winthrop,Big South,1,1,0,08-22-2024,/game/6309664
final,Virginia Tech,ACC,4,North Florida,ASUN,0,1,0,08-22-2024,/game/6309663
final,Virginia,ACC,3,Rider,MAAC,0,1,0,08-22-2024,/game/6309662
final,West Virginia,Sun Belt,4,Purdue Fort Wayne,Horizon,2,1,0,08-22-2024,/game/6309661
final,Mount St. Mary's,MAAC,0,Binghamton,America East,1,-1,0,08-22-2024,/game/6309660
final,Georgia St.,Sun Belt,0,Belmont,MVC,0,0,0,08-22-2024,/game/6309659
final,Duquesne,Atlantic 10,3,Seton Hill,PSAC,1,1,0,08-22-2024,/game/6309672
final,Butler,Big East,2,Southern Ind.,OVC,1,1,0,08-22-2024,/game/6309666
final,Navy,Patriot,0,George Mason,Atlantic 10,2,-1,0,08-22-2024,/game/6309667
final,American,Patriot,0,California Baptist,WAC,0,0,0,08-22-2024,/game/6309655
final,UMBC,America East,1,Maryland,Big Ten,1,0,1,08-22-2024,/game/6311281
final,Dayton,Atlantic 10,5,Detroit Mercy,Horizon,1,1,0,08-22-2024,/game/6309668
final,Lehigh,Patriot,0,La Salle,Atlantic 10,0,0,0,08-22-2024,/game/6309679
final,Elon,CAA,1,FGCU,ASUN,0,1,0,08-22-2024,/game/6309670
final,Bellarmine,ASUN,1,Evansville,MVC,2,-1,0,08-22-2024,/game/6309671
final,Xavier,Big East,0,Northern Ky.,Horizon,0,0,0,08-22-2024,/game/6309678
final,UNC Greensboro,SoCon,3,USC Upstate,Big South,0,1,0,08-22-2024,/game/6309674
final,Oakland,Horizon,1,Omaha,Summit League,2,-1,0,08-22-2024,/game/6309673
final,Rutgers,Big Ten,3,Northeastern,CAA,1,1,0,08-22-2024,/game/6309548
final,Clemson,ACC,3,Penn St.,Big Ten,0,1,0,08-22-2024,/game/6309534
final,Hofstra,CAA,0,Fordham,Atlantic 10,0,0,0,08-22-2024,/game/6309651
final,Michigan,Big Ten,1,Loyola Chicago,Atlantic 10,0,1,0,08-22-2024,/game/6309582
final,Wake Forest,ACC,1,VCU,Atlantic 10,2,-1,0,08-22-2024,/game/6309650
final,Coastal Carolina,Sun Belt,2,Col. of Charleston,CAA,4,-1,0,08-22-2024,/game/6309648
final,South Fla.,The American,1,Seattle U,WAC,4,-1,0,08-22-2024,/game/6309647
final,FIU,The American,0,Seton Hall,Big East,1,-1,0,08-22-2024,/game/6309644
final,UAB,The American,0,North Carolina,ACC,1,-1,0,08-22-2024,/game/6309640
final,Creighton,Big East,0,Fla. Atlantic,The American,0,0,0,08-22-2024,/game/6309636
final,Rhode Island,Atlantic 10,2,St. John's (NY),Big East,0,1,0,08-22-2024,/game/6309682
final,Marshall,Sun Belt,3,Cal St. Fullerton,Big West,0,1,0,08-22-2024,/game/6309683
final,Saint Joseph's,Atlantic 10,1,Merrimack,MAAC,2,-1,0,08-22-2024,/game/6309689
final,California,ACC,1,Denver,Summit League,2,-1,0,08-22-2024,/game/6309623
final,Liberty,OVC,5,Mount Olive,Conference Carolinas,0,1,0,08-22-2024,/game/6309684
final,NJIT,America East,1,Loyola Maryland,Patriot,1,0,0,08-22-2024,/game/6309686
final,Kentucky,Sun Belt,3,Oral Roberts,Summit League,2,1,0,08-22-2024,/game/6309687
final,UConn,Big East,6,Stonehill,NEC,0,1,0,08-22-2024,/game/6309690
final,UIW,OVC,0,IU Indy,Horizon,2,-1,0,08-22-2024,/game/6309653
final,UCF,Sun Belt,3,Mercer,SoCon,1,1,0,08-22-2024,/game/6309692
final,Furman,SoCon,1,UNCW,CAA,1,0,0,08-22-2024,/game/6309693
final,Pittsburgh,ACC,2,Georgetown,Big East,0,1,0,08-22-2024,/game/6309695
final,Notre Dame,ACC,1,Akron,Big East,1,0,0,08-22-2024,/game/6309696
final,Northwestern,Big Ten,2,Green Bay,Horizon,0,1,0,08-22-2024,/game/6309518
final,Saint Mary's (CA),WCC,0,Kansas City,Summit League,1,-1,0,08-22-2024,/game/6309624
final,Memphis,The American,1,Lipscomb,ASUN,2,-1,0,08-22-2024,/game/6309649
final,Ohio St.,Big Ten,1,Cleveland St.,Horizon,1,0,0,08-22-2024,/game/6309502
final,Sacramento St.,Big West,1,Utah Valley,WAC,3,-1,0,08-22-2024,/game/6309626
final,Houston Christian,OVC,2,Gardner-Webb,Big South,3,-1,0,08-22-2024,/game/6309669
final,Wisconsin,Big Ten,4,Marist,MAAC,0,1,0,08-22-2024,/game/6309572
final,Bradley,MVC,1,Chicago St.,NEC,0,1,0,08-22-2024,/game/6309652
final,ETSU,SoCon,3,Longwood,Big South,1,1,0,08-22-2024,/game/6309699
final,Drake,MVC,3,Grand View,IND,0,1,0,08-22-2024,/game/6309685
final,Central Ark.,ASUN,3,Evangel,IND,0,1,0,08-22-2024,/game/6309691
final,SIUE,OVC,1,Michigan St.,Big Ten,1,0,0,08-22-2024,/game/6309561
final,UIC,MVC,3,DePaul,Big East,4,-1,0,08-22-2024,/game/6309694
final,SMU,ACC,1,Air Force,WAC,0,1,0,08-22-2024,/game/6309698
final,UC Santa Barbara,Big West,3,Missouri St.,MVC,1,1,0,08-22-2024,/game/6309645
final,CSU Bakersfield,Big West,1,Utah Tech,WAC,0,1,0,08-22-2024,/game/6309654
final,Oregon St.,WCC,2,UC Irvine,Big West,1,1,0,08-22-2024,/game/6309657
final,Stanford,ACC,2,San Jose St.,WAC,1,1,0,08-22-2024,/game/6309658
final,Gonzaga,WCC,4,Northwest (WA),IND,1,1,0,08-22-2024,/game/6309646
final,Pacific,WCC,1,UC Davis,Big West,0,1,0,08-22-2024,/game/6309676
final,UCLA,Big Ten,2,LMU (CA),WCC,0,1,0,08-22-2024,/game/6309592
final,San Diego,WCC,2,Duke,ACC,2,0,0,08-22-2024,/game/6309681
final,UC San Diego,Big West,0,Santa Clara,WCC,1,-1,0,08-22-2024,/game/6309680
final,CSUN,Big West,0,James Madison,Sun Belt,0,0,0,08-22-2024,/game/6309675
final,Grand Canyon,WAC,3,Western Ill.,OVC,0,1,0,08-22-2024,/game/6309677
final,San Francisco,WCC,0,Cal Poly,Big West,0,0,0,08-22-2024,/game/6309688
final,UNLV,WAC,2,Tulsa,The American,0,1,0,08-22-2024,/game/6309697
final,UNC Asheville,Big South,3,Stetson,ASUN,1,1,0,08-23-2024,/game/6309700
final,Monmouth,CAA,4,Fairfield,MAAC,0,1,0,08-23-2024,/game/6309701
final,Bowling Green,MVC,3,Wright St.,Horizon,2,1,0,08-23-2024,/game/6309702
final,Charlotte,AAC,3,Davidson,Atlantic 10,0,1,0,08-23-2024,/game/6309703
final,Campbell,CAA,2,Radford,Big South,1,1,0,08-23-2024,/game/6309704
final,Saint Louis,Atlantic 10,2,Indiana,Big Ten,0,1,0,08-23-2024,/game/6309602
final,San Diego St.,WAC,5,UC Riverside,Big West,2,1,0,08-23-2024,/game/6309705
final,Portland,WCC,2,Washington,Big Ten,1,1,0,08-23-2024,/game/6311274
final,Presbyterian,Big South,9,Erskine,Conference Carolinas,0,1,0,08-24-2024,/game/6309706
final,San Francisco,WCC,2,Kansas City,Summit League,2,0,0,08-24-2024,/game/6309707
final,Stonehill,NEC,1,Navy,Patriot,1,0,0,08-25-2024,/game/6309708
final,Binghamton,America East,1,Le Moyne,NEC,0,1,0,08-25-2024,/game/6309710
final,George Washington,Atlantic 10,2,Saint Peter's,MAAC,1,1,0,08-25-2024,/game/6309713
final,Duquesne,Atlantic 10,3,Canisius,MAAC,1,1,0,08-25-2024,/game/6309714
final,Wisconsin,Big Ten,4,Drexel,CAA,0,1,0,08-25-2024,/game/6309571
final,Michigan,Big Ten,2,Oakland,Horizon,1,1,0,08-25-2024,/game/6309583
final,Milwaukee,Horizon,3,Bradley,MVC,2,1,0,08-25-2024,/game/6309711
final,Lindenwood,OVC,1,UTRGV,WAC,3,-1,0,08-25-2024,/game/6309712
final,Dayton,Atlantic 10,0,Jacksonville,ASUN,3,-1,0,08-25-2024,/game/6309719
final,South Carolina,Sun Belt,2,North Florida,ASUN,2,0,0,08-25-2024,/game/6309718
final,Marquette,Big East,6,Marist,MAAC,1,1,0,08-25-2024,/game/6309715
final,UAlbany,America East,0,LIU,NEC,1,-1,0,08-25-2024,/game/6309721
final,NIU,MVC,4,Chicago St.,NEC,2,1,0,08-25-2024,/game/6309717
final,UC Davis,Big West,2,Utah Valley,WAC,2,0,0,08-25-2024,/game/6309709
final,NC State,ACC,1,FGCU,ASUN,0,1,0,08-25-2024,/game/6309724
final,Mount St. Mary's,MAAC,3,Robert Morris,Horizon,3,0,0,08-25-2024,/game/6309725
final,Cleveland St.,Horizon,1,St. Bonaventure,Atlantic 10,0,1,0,08-25-2024,/game/6309726
final,UCF,Sun Belt,1,Seattle U,WAC,1,0,0,08-25-2024,/game/6309727
final,Northwestern,Big Ten,2,DePaul,Big East,1,1,0,08-25-2024,/game/6309519
final,California,ACC,1,Sacramento St.,Big West,0,1,0,08-25-2024,/game/6309716
final,Penn St.,Big Ten,2,Army West Point,Patriot,1,1,0,08-25-2024,/game/6309535
final,USC Upstate,Big South,2,ETSU,SoCon,0,1,0,08-25-2024,/game/6309739
final,New Hampshire,America East,0,Western Mich.,MVC,1,-1,0,08-25-2024,/game/6309738
final,UMass Lowell,America East,2,Central Conn. St.,NEC,0,1,0,08-25-2024,/game/6309737
final,Winthrop,Big South,1,Furman,SoCon,2,-1,0,08-25-2024,/game/6309740
final,Creighton,Big East,5,Drake,MVC,3,1,0,08-25-2024,/game/6309730
final,Butler,Big East,1,Western Ill.,OVC,1,0,0,08-25-2024,/game/6309735
final,American,Patriot,1,Hofstra,CAA,4,-1,0,08-25-2024,/game/6309734
final,San Jose St.,WAC,1,CSU Bakersfield,Big West,1,0,0,08-25-2024,/game/6309720
final,SMU,ACC,1,Oral Roberts,Summit League,1,0,0,08-25-2024,/game/6309731
final,UNC Greensboro,SoCon,1,Coastal Carolina,Sun Belt,0,1,0,08-25-2024,/game/6309750
final,Pittsburgh,ACC,2,Mercyhurst,NEC,0,1,0,08-25-2024,/game/6309749
final,Campbell,CAA,2,N.C. Wesleyan,USA South,0,1,0,08-25-2024,/game/6309751
final,Temple,AAC,3,Villanova,Big East,2,1,0,08-25-2024,/game/6309747
final,Virginia,ACC,0,Colgate,Patriot,1,-1,0,08-25-2024,/game/6309746
final,Syracuse,ACC,3,Niagara,MAAC,0,1,0,08-25-2024,/game/6309752
final,Xavier,Big East,4,Cal St. Fullerton,Big West,1,1,0,08-25-2024,/game/6309753
final,Wake Forest,ACC,3,Central Ark.,ASUN,2,1,0,08-25-2024,/game/6309743
final,South Fla.,AAC,0,Mercer,SoCon,0,0,0,08-25-2024,/game/6309742
final,LMU (CA),WCC,1,CSUN,Big West,2,-1,0,08-25-2024,/game/6309722
final,Stanford,ACC,0,Denver,Summit League,1,-1,0,08-25-2024,/game/6309723
final,Omaha,Summit League,3,Fla. Atlantic,AAC,2,1,0,08-25-2024,/game/6309736
final,Akron,Big East,0,Ohio St.,Big Ten,2,-1,0,08-25-2024,/game/6309503
final,Memphis,AAC,0,Evansville,MVC,3,-1,0,08-25-2024,/game/6309733
final,Belmont,MVC,3,Southern Ind.,OVC,0,1,0,08-25-2024,/game/6309732
final,North Carolina,ACC,0,California Baptist,WAC,0,0,0,08-25-2024,/game/6309754
final,Northern Ky.,Horizon,1,Bellarmine,ASUN,2,-1,0,08-25-2024,/game/6309755
final,St. John's (NY),Big East,1,Stony Brook,CAA,1,0,0,08-25-2024,/game/6309756
final,Maryland,Big Ten,0,Georgetown,Big East,2,-1,0,08-25-2024,/game/6311282
final,Houston Christian,OVC,0,IU Indy,Horizon,1,-1,0,08-25-2024,/game/6309748
final,UIC,MVC,4,Green Bay,Horizon,2,1,0,08-25-2024,/game/6309745
final,UIW,OVC,1,Gardner-Webb,Big South,1,0,0,08-25-2024,/game/6309744
final,Saint Mary's (CA),WCC,2,Cal Poly,Big West,0,1,0,08-25-2024,/game/6309728
final,Gonzaga,WCC,6,St. Thomas (MN),Summit League,1,1,0,08-25-2024,/game/6309729
final,UC San Diego,Big West,2,Duke,ACC,3,-1,0,08-25-2024,/game/6309741
final,UCLA,Big Ten,0,James Madison,Sun Belt,0,0,0,08-25-2024,/game/6309593
final,VMI,SoCon,4,Warren Wilson,C2C,0,1,0,08-26-2024,/game/6309757
final,Eastern Ill.,OVC,1,Detroit Mercy,Horizon,5,-1,0,08-26-2024,/game/6309758
final,Boston College,ACC,1,Providence,Big East,1,0,0,08-26-2024,/game/6309759
final,Bryant,America East,0,Massachusetts,Atlantic 10,0,0,0,08-26-2024,/game/6309760
final,Stetson,ASUN,1,FIU,The American,0,1,0,08-26-2024,/game/6309761
final,Lehigh,Patriot,1,Rider,MAAC,0,1,0,08-26-2024,/game/6309762
final,Michigan St.,Big Ten,0,Bowling Green,MVC,1,-1,0,08-26-2024,/game/6309562
final,La Salle,Atlantic 10,0,NJIT,America East,3,-1,0,08-26-2024,/game/6309769
final,VCU,Atlantic 10,3,Old Dominion,Sun Belt,1,1,0,08-26-2024,/game/6309768
final,Longwood,Big South,2,Liberty,OVC,2,0,0,08-26-2024,/game/6309767
final,FDU,NEC,4,Fairfield,MAAC,3,1,0,08-26-2024,/game/6309766
final,Elon,CAA,5,Radford,Big South,0,1,0,08-26-2024,/game/6309765
final,Rutgers,Big Ten,1,Delaware,CAA,4,-1,0,08-26-2024,/game/6309549
final,West Virginia,Sun Belt,4,Saint Francis,NEC,0,1,0,08-26-2024,/game/6309763
final,Rhode Island,Atlantic 10,1,Quinnipiac,MAAC,0,1,0,08-26-2024,/game/6309771
final,UMBC,America East,3,Howard,NEC,2,1,0,08-26-2024,/game/6309772
final,Missouri St.,MVC,3,Pacific,WCC,0,1,0,08-26-2024,/game/6309764
final,San Diego,WCC,3,San Diego St.,WAC,0,1,0,08-26-2024,/game/6309770
final,Washington,Big Ten,1,Oregon St.,WCC,0,1,0,08-26-2024,/game/6311275
final,Northeastern,CAA,1,Boston U.,Patriot,1,0,0,08-27-2024,/game/6309773
final,Holy Cross,Patriot,3,Merrimack,MAAC,0,1,0,08-27-2024,/game/6309774
final,Virginia Tech,ACC,2,UNC Asheville,Big South,0,1,0,08-27-2024,/game/6309775
final,High Point,Big South,1,Davidson,Atlantic 10,1,0,0,08-27-2024,/game/6309776
final,UAB,AAC,1,Georgia St.,Sun Belt,0,1,0,08-27-2024,/game/6309777
final,Sacred Heart,MAAC,1,Fordham,Atlantic 10,2,-1,0,08-28-2024,/game/6309778
final,Binghamton,America East,0,William & Mary,CAA,3,-1,0,08-28-2024,/game/6309779
final,Lafayette,Patriot,1,Siena,MAAC,0,1,0,08-28-2024,/game/6309780
final,Tulsa,The American,1,Louisville,ACC,2,-1,0,08-28-2024,/game/6309781
final,Green Bay,Horizon,3,Southern Ind.,OVC,2,1,0,08-29-2024,/game/6309782
final,St. Thomas (MN),Summit League,1,DePaul,Big East,1,0,0,08-29-2024,/game/6309784
pre,VMI,SoCon,,Robert Morris,Horizon,,0,0,08-29-2024,/game/6309785
final,Saint Peter's,MAAC,0,UMass Lowell,America East,3,-1,0,08-29-2024,/game/6309783
final,Jacksonville,ASUN,0,Mercer,SoCon,1,-1,0,08-29-2024,/game/6309786
final,Wright St.,Horizon,4,Lindenwood,OVC,1,1,0,08-29-2024,/game/6309788
final,Fla. Atlantic,AAC,5,Stetson,ASUN,1,1,0,08-29-2024,/game/6309793
final,Dayton,Atlantic 10,3,UNLV,WAC,1,1,1,08-29-2024,/game/6309794
final,ETSU,SoCon,1,Presbyterian,Big South,1,0,0,08-29-2024,/game/6309789
final,Eastern Ill.,OVC,0,Purdue Fort Wayne,Horizon,3,-1,0,08-29-2024,/game/6309787
final,Stony Brook,CAA,0,Rider,MAAC,1,-1,0,08-29-2024,/game/6309796
final,Seton Hall,Big East,2,UAlbany,America East,1,1,0,08-29-2024,/game/6309819
final,UConn,Big East,2,NJIT,America East,1,1,0,08-29-2024,/game/6309818
final,North Carolina,ACC,3,FIU,AAC,1,1,0,08-29-2024,/game/6309808
final,Xavier,Big East,2,Marshall,Sun Belt,0,1,0,08-29-2024,/game/6309820
final,USC Upstate,Big South,1,Col. of Charleston,CAA,5,-1,0,08-29-2024,/game/6309817
final,Campbell,CAA,1,Old Dominion,Sun Belt,0,1,0,08-29-2024,/game/6309816
final,Central Conn. St.,NEC,0,Bryant,America East,2,-1,0,08-29-2024,/game/6309814
final,Colgate,Patriot,3,Stonehill,NEC,1,1,0,08-29-2024,/game/6309813
final,Temple,AAC,0,Monmouth,CAA,2,-1,0,08-29-2024,/game/6309812
final,Canisius,MAAC,1,St. Bonaventure,Atlantic 10,2,-1,0,08-29-2024,/game/6309811
final,Virginia,ACC,5,Saint Joseph's,Atlantic 10,0,1,0,08-29-2024,/game/6309809
final,Loyola Maryland,Patriot,0,Iona,MAAC,2,-1,0,08-29-2024,/game/6309807
final,Queens (NC),ASUN,1,Wofford,SoCon,2,-1,0,08-29-2024,/game/6309805
final,Hofstra,CAA,2,Providence,Big East,0,1,0,08-29-2024,/game/6309802
final,Coastal Carolina,Sun Belt,0,Elon,CAA,3,-1,0,08-29-2024,/game/6309800
final,South Fla.,AAC,2,Eckerd,Sunshine State,0,1,0,08-29-2024,/game/6309798
final,Omaha,Summit League,1,San Francisco,WCC,0,1,0,08-29-2024,/game/6309791
final,St. John's (NY),Big East,2,Manhattan,MAAC,1,1,0,08-29-2024,/game/6309823
final,North Florida,ASUN,3,Winthrop,Big South,1,1,0,08-29-2024,/game/6309822
final,Belmont,MVC,2,Northern Ky.,Horizon,1,1,0,08-29-2024,/game/6309795
final,Bradley,MVC,4,Western Ill.,OVC,0,1,0,08-29-2024,/game/6309803
final,Ohio St.,Big Ten,4,SIUE,OVC,0,1,0,08-29-2024,/game/6309504
final,Creighton,Big East,1,Loyola Chicago,Atlantic 10,1,0,0,08-29-2024,/game/6309810
final,Syracuse,ACC,2,Charlotte,AAC,2,0,0,08-29-2024,/game/6309826
final,Houston Christian,OVC,4,North American,IND,1,1,0,08-29-2024,/game/6309815
final,Air Force,WAC,1,Army West Point,Patriot,2,-1,0,08-29-2024,/game/6309790
final,Indiana,Big Ten,2,Notre Dame,ACC,2,0,0,08-29-2024,/game/6309603
final,Wisconsin,Big Ten,5,UIC,MVC,1,1,0,08-29-2024,/game/6309573
final,Memphis,AAC,5,NIU,MVC,1,1,0,08-29-2024,/game/6309825
final,Utah Valley,WAC,3,UC San Diego,Big West,1,1,0,08-29-2024,/game/6309804
final,Oral Roberts,Summit League,1,Cal Poly,Big West,0,1,0,08-29-2024,/game/6309827
final,SMU,ACC,1,Saint Louis,Atlantic 10,0,1,0,08-29-2024,/game/6309828
final,San Diego St.,WAC,2,Mercyhurst,NEC,1,1,0,08-29-2024,/game/6309821
final,Gonzaga,WCC,2,UIW,OVC,0,1,0,08-29-2024,/game/6309797
final,UC Irvine,Big West,1,Vermont,America East,1,0,0,08-29-2024,/game/6309799
final,LMU (CA),WCC,1,California,ACC,0,1,0,08-29-2024,/game/6309801
final,Kansas City,Summit League,0,UC Santa Barbara,Big West,3,-1,0,08-29-2024,/game/6309830
final,Stanford,ACC,5,Cal St. Fullerton,Big West,0,1,0,08-29-2024,/game/6309806
final,San Diego,WCC,8,Lipscomb,ASUN,1,1,0,08-29-2024,/game/6309824
final,Washington,Big Ten,2,Denver,Summit League,2,0,0,08-29-2024,/game/6311276
final,UC Riverside,Big West,1,Utah Tech,WAC,2,-1,0,08-29-2024,/game/6309829
final,Michigan St.,Big Ten,1,Villanova,Big East,0,1,0,08-30-2024,/game/6311288
final,Georgetown,Big East,1,UNC Greensboro,SoCon,0,1,0,08-30-2024,/game/6309831
final,Quinnipiac,MAAC,2,Columbia,Ivy League,0,1,0,08-30-2024,/game/6309832
final,Western Mich.,MVC,1,Akron,Big East,1,0,0,08-30-2024,/game/6309834
final,Drexel,CAA,3,La Salle,Atlantic 10,2,1,0,08-30-2024,/game/6309835
final,Yale,Ivy League,0,Marquette,Big East,1,-1,0,08-30-2024,/game/6309836
final,Penn St.,Big Ten,1,Pittsburgh,ACC,2,-1,0,08-30-2024,/game/6309536
final,Rutgers,Big Ten,3,Princeton,Ivy League,1,1,0,08-30-2024,/game/6309550
final,Michigan,Big Ten,1,Oregon St.,WCC,1,0,0,08-30-2024,/game/6309584
final,Duke,ACC,2,Grand Canyon,WAC,3,-1,1,08-30-2024,/game/6309833
final,IU Indy,Horizon,1,Bowling Green,MVC,4,-1,0,08-30-2024,/game/6309837
final,George Mason,Atlantic 10,4,Delaware,CAA,2,1,0,08-30-2024,/game/6309838
final,UNCW,CAA,1,American,Patriot,0,1,0,08-30-2024,/game/6309839
final,Ga. Southern,Sun Belt,2,FGCU,ASUN,0,1,0,08-30-2024,/game/6309840
final,Furman,SoCon,2,North Greenville,Conference Carolinas,1,1,0,08-30-2024,/game/6309841
final,UMBC,America East,4,Niagara,MAAC,0,1,0,08-30-2024,/game/6309842
final,West Virginia,Sun Belt,4,George Washington,Atlantic 10,0,1,0,08-30-2024,/game/6309843
final,South Carolina,Sun Belt,2,Clemson,ACC,2,0,0,08-30-2024,/game/6309844
final,Boston College,ACC,2,Dartmouth,Ivy League,1,1,0,08-30-2024,/game/6309845
final,Navy,Patriot,0,FDU,NEC,0,0,0,08-30-2024,/game/6309847
final,Brown,Ivy League,2,Lehigh,Patriot,1,1,0,08-30-2024,/game/6309848
final,Cleveland St.,Horizon,3,Chicago St.,NEC,1,1,0,08-30-2024,/game/6309849
final,Maryland,Big Ten,5,Detroit Mercy,Horizon,2,1,0,08-30-2024,/game/6343726
final,Northwestern,Big Ten,2,Drake,MVC,1,1,0,08-30-2024,/game/6309520
final,UCLA,Big Ten,2,Portland,WCC,0,1,0,08-30-2024,/game/6309594
final,Butler,Big East,2,Oakland,Horizon,1,1,0,08-31-2024,/game/6309846
final,Bucknell,Patriot,2,Mount St. Mary's,MAAC,0,1,0,08-31-2024,/game/6309792
final,Bradley,MVC,1,Purdue Fort Wayne,Horizon,0,1,0,08-31-2024,/game/6309850
final,Harvard,Ivy League,1,Holy Cross,Patriot,1,0,0,08-31-2024,/game/6309852
final,Cornell,Ivy League,3,Marist,MAAC,0,1,0,08-31-2024,/game/6309853
final,New Hampshire,America East,3,William & Mary,CAA,2,1,0,08-31-2024,/game/6309854
final,UCF,Sun Belt,1,Wake Forest,ACC,1,0,0,08-31-2024,/game/6309855
final,James Madison,Sun Belt,2,NC State,ACC,2,0,0,08-31-2024,/game/6309856
final,Fairfield,MAAC,2,Lafayette,Patriot,3,-1,0,08-31-2024,/game/6309858
final,VCU,Atlantic 10,1,High Point,Big South,1,0,0,08-31-2024,/game/6309859
final,UC Davis,Big West,2,Santa Clara,WCC,1,1,0,08-31-2024,/game/6309851
final,California Baptist,WAC,4,CSU Bakersfield,Big West,1,1,0,08-31-2024,/game/6309857
final,Northeastern,CAA,0,Siena,MAAC,0,0,0,09-01-2024,/game/6309860
final,Fordham,Atlantic 10,3,Colgate,Patriot,2,1,0,09-01-2024,/game/6309861
final,Saint Francis,NEC,1,Wright St.,Horizon,3,-1,0,09-01-2024,/game/6309863
final,Stonehill,NEC,0,Rhode Island,Atlantic 10,1,-1,0,09-01-2024,/game/6309864
final,Seton Hall,Big East,1,Manhattan,MAAC,0,1,0,09-01-2024,/game/6309866
final,Omaha,Summit League,1,Loyola Chicago,Atlantic 10,0,1,0,09-01-2024,/game/6309862
final,NIU,MVC,1,Green Bay,Horizon,2,-1,0,09-01-2024,/game/6309865
final,Liberty,OVC,1,Georgia St.,Sun Belt,2,-1,0,09-01-2024,/game/6309867
final,Duke,ACC,14,Averett,ODAC,1,1,0,09-01-2024,/game/6309869
final,UAB,AAC,1,Northern Ky.,Horizon,1,0,0,09-01-2024,/game/6309868
final,Dayton,Atlantic 10,4,SIUE,OVC,0,1,1,09-01-2024,/game/6309870
final,Merrimack,MAAC,0,Boston College,ACC,1,-1,0,09-01-2024,/game/6309871
final,Xavier,Big East,0,Duquesne,Atlantic 10,1,-1,0,09-01-2024,/game/6309872
final,UNC Asheville,Big South,3,VMI,SoCon,0,1,0,09-01-2024,/game/6309873
final,Gardner-Webb,Big South,3,Barton,Conference Carolinas,1,1,0,09-01-2024,/game/6309877
final,Western Ill.,OVC,2,Quincy,GLVC,0,1,0,09-01-2024,/game/6309876
final,UMass Lowell,America East,1,Boston U.,Patriot,1,0,0,09-01-2024,/game/6309882
final,Jacksonville,ASUN,1,Winthrop,Big South,1,0,0,09-01-2024,/game/6309885
final,Fla. Atlantic,AAC,3,Belmont,MVC,1,1,0,09-01-2024,/game/6309883
final,Ohio St.,Big Ten,3,UNLV,WAC,2,1,0,09-01-2024,/game/6309505
final,UC Irvine,Big West,3,Mercyhurst,NEC,1,1,0,09-01-2024,/game/6309874
final,SMU,ACC,2,Denver,Summit League,2,0,0,09-01-2024,/game/6309878
final,Memphis,AAC,0,Central Ark.,ASUN,3,-1,0,09-01-2024,/game/6309879
final,Creighton,Big East,4,San Francisco,WCC,2,1,0,09-01-2024,/game/6309881
final,Monmouth,CAA,1,Iona,MAAC,1,0,0,09-01-2024,/game/6309887
final,Penn,Ivy League,1,Pittsburgh,ACC,0,1,0,09-01-2024,/game/6309889
final,Old Dominion,Sun Belt,1,Radford,Big South,0,1,0,09-01-2024,/game/6309890
final,UConn,Big East,0,LIU,NEC,0,0,0,09-01-2024,/game/6309893
final,North Florida,ASUN,0,Mercer,SoCon,0,0,0,09-01-2024,/game/6309896
final,St. John's (NY),Big East,3,UAlbany,America East,0,1,0,09-01-2024,/game/6309898
final,Indiana,Big Ten,2,Yale,Ivy League,0,1,0,09-01-2024,/game/6309604
final,Stanford,ACC,4,Saint Mary's (CA),WCC,1,1,0,09-01-2024,/game/6309875
final,Oral Roberts,Summit League,2,UC Santa Barbara,Big West,1,1,0,09-01-2024,/game/6309888
final,Evansville,MVC,3,Southern Ind.,OVC,1,1,0,09-01-2024,/game/6309891
final,Tulsa,AAC,3,Cal Poly,Big West,2,1,0,09-01-2024,/game/6309895
final,Cal St. Fullerton,Big West,6,Utah Tech,WAC,1,1,0,09-01-2024,/game/6309880
final,San Jose St.,WAC,2,Sacramento St.,Big West,1,1,0,09-01-2024,/game/6309884
final,Air Force,WAC,1,Washington,Big Ten,2,-1,0,09-01-2024,/game/6311277
final,Gonzaga,WCC,2,Houston Christian,OVC,1,1,0,09-01-2024,/game/6309886
final,CSUN,Big West,0,California,ACC,1,-1,0,09-01-2024,/game/6309892
final,UC San Diego,Big West,2,Lipscomb,ASUN,2,0,0,09-01-2024,/game/6309894
final,UC Riverside,Big West,0,Pacific,WCC,2,-1,0,09-01-2024,/game/6309897
final,Michigan St.,Big Ten,1,Oregon St.,WCC,2,-1,0,09-02-2024,/game/6309563
final,Georgetown,Big East,0,FIU,AAC,0,0,0,09-02-2024,/game/6309899
final,Marshall,Sun Belt,6,Loyola Maryland,Patriot,1,1,0,09-02-2024,/game/6309900
final,Canisius,MAAC,3,Central Conn. St.,NEC,0,1,0,09-02-2024,/game/6309901
final,Rider,MAAC,3,Saint Joseph's,Atlantic 10,1,1,0,09-02-2024,/game/6309902
final,Michigan,Big Ten,2,Bowling Green,MVC,0,1,0,09-02-2024,/game/6309585
final,DePaul,Big East,1,Drake,MVC,2,-1,0,09-02-2024,/game/6309903
final,Western Mich.,MVC,5,Villanova,Big East,1,1,0,09-02-2024,/game/6309904
final,Detroit Mercy,Horizon,1,Chicago St.,NEC,2,-1,0,09-02-2024,/game/6309905
final,Massachusetts,Atlantic 10,1,Providence,Big East,2,-1,0,09-02-2024,/game/6309906
final,Penn St.,Big Ten,4,St. Bonaventure,Atlantic 10,0,1,0,09-02-2024,/game/6309537
final,UMBC,America East,0,FDU,NEC,1,-1,0,09-02-2024,/game/6309907
final,Hofstra,CAA,3,Binghamton,America East,2,1,0,09-02-2024,/game/6309909
final,Milwaukee,Horizon,1,St. Thomas (MN),Summit League,1,0,0,09-02-2024,/game/6309908
final,Army West Point,Patriot,0,Sacred Heart,MAAC,1,-1,0,09-02-2024,/game/6309910
final,Davidson,Atlantic 10,0,Campbell,CAA,0,0,0,09-02-2024,/game/6309911
final,Col. of Charleston,CAA,3,Stetson,ASUN,2,1,0,09-02-2024,/game/6309912
final,Lehigh,Patriot,0,Rutgers,Big Ten,2,-1,0,09-02-2024,/game/6309551
final,Charlotte,AAC,2,Furman,SoCon,0,1,0,09-02-2024,/game/6309916
final,Maryland,Big Ten,1,Virginia,ACC,1,0,0,09-02-2024,/game/6311283
final,Louisville,ACC,3,Bellarmine,ASUN,1,1,0,09-02-2024,/game/6309923
final,Syracuse,ACC,0,Le Moyne,NEC,1,-1,0,09-02-2024,/game/6309922
final,Elon,CAA,2,Grand Canyon,WAC,1,1,0,09-02-2024,/game/6309920
final,Navy,Patriot,3,Niagara,MAAC,0,1,0,09-02-2024,/game/6309919
final,Akron,Big East,3,Cleveland St.,Horizon,3,0,0,09-02-2024,/game/6309918
final,UNCW,CAA,1,South Fla.,AAC,1,0,0,09-02-2024,/game/6309913
final,American,Patriot,0,Temple,AAC,0,0,0,09-02-2024,/game/6309914
final,Queens (NC),ASUN,3,Presbyterian,Big South,1,1,0,09-02-2024,/game/6309915
final,North Carolina,ACC,6,ETSU,SoCon,0,1,0,09-02-2024,/game/6309925
final,Kentucky,Sun Belt,2,Virginia Tech,ACC,2,0,0,09-02-2024,/game/6309926
final,Saint Louis,Atlantic 10,1,IU Indy,Horizon,1,0,0,09-02-2024,/game/6309921
final,Wisconsin,Big Ten,2,Marquette,Big East,1,1,0,09-02-2024,/game/6309574
final,UIC,MVC,0,Northwestern,Big Ten,1,-1,0,09-02-2024,/game/6309521
final,Missouri St.,MVC,2,Kansas City,Summit League,3,-1,0,09-02-2024,/game/6309917
final,San Diego St.,WAC,0,Vermont,America East,1,-1,0,09-02-2024,/game/6309924
final,Portland,WCC,7,Multnomah,IND,2,1,0,09-02-2024,/game/6343754
final,Stony Brook,CAA,3,George Washington,Atlantic 10,0,1,0,09-03-2024,/game/6309927
final,Delaware,CAA,4,Saint Peter's,MAAC,0,1,0,09-03-2024,/game/6309930
final,George Mason,Atlantic 10,1,Bucknell,Patriot,0,1,0,09-03-2024,/game/6309929
final,Coastal Carolina,Sun Belt,2,USC Upstate,Big South,1,1,0,09-03-2024,/game/6309928
final,Robert Morris,Horizon,2,Saint Francis,NEC,1,1,0,09-04-2024,/game/6309931
final,LIU,NEC,1,UMass Lowell,America East,3,-1,0,09-04-2024,/game/6309932
postponed,Jacksonville,ASUN,0,South Carolina,Sun Belt,3,-1,0,09-04-2024,/game/6309937
final,Fairfield,MAAC,2,Stonehill,NEC,3,-1,0,09-04-2024,/game/6309936
final,Butler,Big East,1,Indiana,Big Ten,1,0,0,09-04-2024,/game/6309605
final,William & Mary,CAA,2,Longwood,Big South,0,1,0,09-04-2024,/game/6309934
final,UTRGV,WAC,5,TAMU-San Antonio,IND,0,1,0,09-04-2024,/game/6309933
final,Evansville,MVC,1,Eastern Ill.,OVC,0,1,0,09-04-2024,/game/6309935
final,San Diego,WCC,1,Washington,Big Ten,1,0,0,09-04-2024,/game/6311278
final,Marquette,Big East,0,Purdue Fort Wayne,Horizon,0,0,0,09-05-2024,/game/6309946
final,Boston U.,Patriot,1,Saint Mary's (CA),WCC,1,0,0,09-05-2024,/game/6309938
final,Virginia Tech,ACC,2,Presbyterian,Big South,1,1,0,09-05-2024,/game/6309939
final,Dartmouth,Ivy League,4,FDU,NEC,1,1,0,09-05-2024,/game/6309940
final,Western Ill.,OVC,4,St. Ambrose,IND,2,1,0,09-05-2024,/game/6309941
final,Army West Point,Patriot,0,Marist,MAAC,1,-1,0,09-05-2024,/game/6309944
final,Central Ark.,ASUN,1,Oral Roberts,Summit League,0,1,0,09-05-2024,/game/6309942
final,Bryant,America East,1,Merrimack,MAAC,0,1,0,09-05-2024,/game/6309945
final,Fordham,Atlantic 10,4,Santa Clara,WCC,0,1,0,09-05-2024,/game/6309947
final,Fla. Atlantic,The American,0,Utah Valley,WAC,1,-1,0,09-05-2024,/game/6309949
final,Duquesne,Atlantic 10,1,Niagara,MAAC,0,1,0,09-05-2024,/game/6309950
final,Xavier,Big East,2,Bradley,MVC,2,0,0,09-05-2024,/game/6309953
final,Cleveland St.,Horizon,0,Mercyhurst,NEC,2,-1,0,09-05-2024,/game/6309954
final,UAlbany,America East,0,Siena,MAAC,1,-1,0,09-05-2024,/game/6309955
final,Mercer,SoCon,2,Memphis,The American,0,1,0,09-05-2024,/game/6309959
final,Rhode Island,Atlantic 10,1,Harvard,Ivy League,1,0,0,09-05-2024,/game/6309956
final,Lipscomb,ASUN,2,Georgia St.,Sun Belt,1,1,0,09-05-2024,/game/6309952
final,Loyola Chicago,Atlantic 10,4,Wright St.,Horizon,2,1,0,09-05-2024,/game/6309958
final,UCLA,Big Ten,1,Cal St. Fullerton,Big West,3,-1,0,09-05-2024,/game/6309595
final,Gonzaga,WCC,2,Utah Tech,WAC,0,1,0,09-05-2024,/game/6309943
final,Portland,WCC,2,CSU Bakersfield,Big West,3,-1,0,09-05-2024,/game/6309948
final,CSUN,Big West,0,Pacific,WCC,0,0,0,09-05-2024,/game/6309951
final,Cal Poly,Big West,1,San Jose St.,WAC,0,1,0,09-05-2024,/game/6309957
final,North Florida,ASUN,0,UAB,The American,1,-1,0,09-06-2024,/game/6309981
final,Drake,MVC,1,Houston Christian,OVC,0,1,0,09-06-2024,/game/6309960
final,Georgetown,Big East,2,Cornell,Ivy League,2,0,0,09-06-2024,/game/6309961
final,Green Bay,Horizon,1,Chicago St.,NEC,0,1,0,09-06-2024,/game/6309962
final,Western Mich.,MVC,1,Northwestern,Big Ten,0,1,0,09-06-2024,/game/6309533
final,Virginia,ACC,0,Duke,ACC,1,-1,0,09-06-2024,/game/6309963
final,Canisius,MAAC,2,VMI,SoCon,0,1,0,09-06-2024,/game/6309964
final,Sacred Heart,MAAC,5,Lehigh,Patriot,0,1,0,09-06-2024,/game/6309965
final,La Salle,Atlantic 10,1,Mount St. Mary's,MAAC,0,1,0,09-06-2024,/game/6309967
final,Binghamton,America East,1,Colgate,Patriot,1,0,0,09-06-2024,/game/6309969
final,Michigan St.,Big Ten,1,Air Force,WAC,1,0,0,09-06-2024,/game/6309564
final,Michigan,Big Ten,2,Detroit Mercy,Horizon,0,1,0,09-06-2024,/game/6309586
final,Winthrop,Big South,2,Queens (NC),ASUN,1,1,0,09-06-2024,/game/6309968
final,UCF,Sun Belt,5,UC Irvine,Big West,1,1,0,09-06-2024,/game/6309970
final,South Fla.,The American,3,FGCU,ASUN,3,0,0,09-06-2024,/game/6309972
final,Penn,Ivy League,4,Temple,The American,0,1,0,09-06-2024,/game/6309974
final,Clemson,ACC,2,Stanford,ACC,3,-1,0,09-06-2024,/game/6309975
final,Loyola Maryland,Patriot,0,Saint Joseph's,Atlantic 10,0,0,0,09-06-2024,/game/6309976
final,North Carolina,ACC,2,St. John's (NY),Big East,2,0,0,09-06-2024,/game/6309977
final,Akron,Big East,4,VCU,Atlantic 10,0,1,0,09-06-2024,/game/6309979
final,Boston College,ACC,1,Syracuse,ACC,1,0,0,09-06-2024,/game/6309980
final,Davidson,Atlantic 10,2,UNC Greensboro,SoCon,2,0,0,09-06-2024,/game/6309982
final,Stetson,ASUN,1,Ga. Southern,Sun Belt,2,-1,0,09-06-2024,/game/6309984
final,Old Dominion,Sun Belt,1,UMBC,America East,1,0,0,09-06-2024,/game/6309985
final,Central Conn. St.,NEC,1,UConn,Big East,2,-1,0,09-06-2024,/game/6309986
final,Oakland,Horizon,0,UIC,MVC,1,-1,0,09-06-2024,/game/6309988
final,USC Upstate,Big South,2,Liberty,OVC,5,-1,0,09-06-2024,/game/6309989
final,Col. of Charleston,CAA,2,Jacksonville,ASUN,0,1,0,09-06-2024,/game/6309990
final,Gardner-Webb,Big South,3,Wake Forest,ACC,1,1,0,09-06-2024,/game/6309992
final,Louisville,ACC,1,Notre Dame,ACC,2,-1,0,09-06-2024,/game/6309993
final,Seton Hall,Big East,2,Columbia,Ivy League,0,1,0,09-06-2024,/game/6309994
final,Princeton,Ivy League,2,New Hampshire,America East,3,-1,0,09-06-2024,/game/6309996
final,Providence,Big East,1,Rutgers,Big Ten,0,1,0,09-06-2024,/game/6343759
final,Marshall,Sun Belt,2,High Point,Big South,0,1,0,09-06-2024,/game/6309997
final,Kentucky,Sun Belt,0,Wisconsin,Big Ten,1,-1,0,09-06-2024,/game/6309575
final,Maryland,Big Ten,2,Brown,Ivy League,1,1,0,09-06-2024,/game/6311284
final,Missouri St.,MVC,1,Tulsa,The American,0,1,0,09-06-2024,/game/6309978
final,Lindenwood,OVC,3,Evansville,MVC,2,1,0,09-06-2024,/game/6309987
final,NIU,MVC,2,Kansas City,Summit League,6,-1,0,09-06-2024,/game/6309991
final,NC State,ACC,2,California,ACC,1,1,0,09-06-2024,/game/6309999
final,Creighton,Big East,1,Denver,Summit League,3,-1,0,09-06-2024,/game/6309998
final,Grand Canyon,WAC,2,Omaha,Summit League,0,1,0,09-06-2024,/game/6309966
final,UC Santa Barbara,Big West,4,UNLV,WAC,1,1,0,09-06-2024,/game/6309971
final,LMU (CA),WCC,1,UC Riverside,Big West,2,-1,0,09-06-2024,/game/6309973
final,Seattle U,WAC,3,San Francisco,WCC,2,1,0,09-06-2024,/game/6309983
final,San Diego St.,WAC,1,Sacramento St.,Big West,0,1,0,09-06-2024,/game/6309995
final,St. Thomas (MN),Summit League,3,St. Cloud St.,GLIAC,2,1,0,09-07-2024,/game/6310000
final,Northeastern,CAA,0,Campbell,CAA,1,-1,0,09-07-2024,/game/6310001
final,ETSU,SoCon,2,UNCW,CAA,2,0,0,09-07-2024,/game/6310002
final,Le Moyne,NEC,2,Delaware,CAA,2,0,0,09-07-2024,/game/6310003
final,Vermont,America East,1,American,Patriot,1,0,0,09-07-2024,/game/6310004
final,George Washington,Atlantic 10,0,Rider,MAAC,4,-1,0,09-07-2024,/game/6310005
final,Stonehill,NEC,2,Iona,MAAC,1,1,0,09-07-2024,/game/6310006
final,Longwood,Big South,2,Navy,Patriot,1,1,0,09-07-2024,/game/6310007
final,Elon,CAA,3,Drexel,CAA,1,1,0,09-07-2024,/game/6310008
final,Bellarmine,ASUN,0,UNC Asheville,Big South,0,0,0,09-07-2024,/game/6310009
final,Villanova,Big East,1,Lafayette,Patriot,1,0,0,09-07-2024,/game/6310010
final,Quinnipiac,MAAC,1,St. Bonaventure,Atlantic 10,2,-1,0,09-07-2024,/game/6310011
final,William & Mary,CAA,0,Hofstra,CAA,1,-1,0,09-07-2024,/game/6310012
final,UMass Lowell,America East,2,Holy Cross,Patriot,1,1,0,09-07-2024,/game/6310013
final,Radford,Big South,0,Wofford,SoCon,1,-1,0,09-07-2024,/game/6310014
final,Manhattan,MAAC,2,LIU,NEC,1,1,0,09-07-2024,/game/6310015
final,Monmouth,CAA,2,Stony Brook,CAA,2,0,0,09-07-2024,/game/6310018
final,George Mason,Atlantic 10,4,Howard,NEC,3,1,0,09-07-2024,/game/6310019
final,South Carolina,Sun Belt,2,Belmont,MVC,1,1,0,09-07-2024,/game/6310020
final,NJIT,America East,4,Saint Peter's,MAAC,0,1,0,09-07-2024,/game/6310021
final,Bucknell,Patriot,0,Saint Francis,NEC,3,-1,0,09-07-2024,/game/6310022
final,Bowling Green,MVC,3,Butler,Big East,2,1,0,09-07-2024,/game/6310023
final,Yale,Ivy League,3,Massachusetts,Atlantic 10,4,-1,0,09-07-2024,/game/6310024
final,UTRGV,WAC,1,UIW,OVC,2,-1,0,09-07-2024,/game/6310016
final,SMU,ACC,1,Pittsburgh,ACC,3,-1,0,09-07-2024,/game/6310017
final,Mercer,SoCon,2,Southern Ind.,OVC,0,1,0,09-08-2024,/game/6310025
final,Western Mich.,MVC,5,Air Force,WAC,1,1,0,09-08-2024,/game/6310026
final,Northern Ky.,Horizon,3,Western Ill.,OVC,0,1,0,09-08-2024,/game/6310028
final,Dartmouth,Ivy League,2,Saint Mary's (CA),WCC,2,0,0,09-08-2024,/game/6310030
final,Niagara,MAAC,5,VMI,SoCon,0,1,0,09-08-2024,/game/6310031
final,DePaul,Big East,4,Wright St.,Horizon,1,1,0,09-08-2024,/game/6310032
final,Oregon St.,WCC,1,UC Davis,Big West,2,-1,0,09-08-2024,/game/6310027
final,Cal Poly,Big West,3,Gonzaga,WCC,0,1,0,09-08-2024,/game/6310029
final,Lindenwood,OVC,5,Westminster (MO),SLIAC,0,1,0,09-08-2024,/game/6310033
final,Furman,SoCon,0,Virginia Tech,ACC,3,-1,0,09-08-2024,/game/6310034
final,Georgia St.,Sun Belt,1,Memphis,AAC,3,-1,0,09-08-2024,/game/6310036
final,Boston U.,Patriot,1,Santa Clara,WCC,2,-1,0,09-08-2024,/game/6310037
final,Ohio St.,Big Ten,3,Xavier,Big East,1,1,0,09-08-2024,/game/6309506
final,FGCU,ASUN,0,Utah Valley,WAC,2,-1,0,09-08-2024,/game/6310042
final,SIUE,OVC,1,Saint Louis,Atlantic 10,0,1,0,09-08-2024,/game/6310038
final,Lipscomb,ASUN,2,Charlotte,AAC,3,-1,0,09-08-2024,/game/6310041
final,Portland,WCC,1,Utah Tech,WAC,1,0,0,09-08-2024,/game/6310039
final,California Baptist,WAC,2,West Virginia,Sun Belt,3,-1,0,09-08-2024,/game/6310040
final,UC San Diego,Big West,1,San Diego,WCC,2,-1,0,09-08-2024,/game/6310043
final,Stetson,ASUN,1,UAB,AAC,1,0,0,09-09-2024,/game/6310045
final,Bradley,MVC,1,Green Bay,Horizon,2,-1,0,09-09-2024,/game/6310044
final,Robert Morris,Horizon,0,Mercyhurst,NEC,1,-1,0,09-09-2024,/game/6310035
final,Saint Joseph's,Atlantic 10,2,Army West Point,Patriot,1,1,0,09-09-2024,/game/6310046
final,Ga. Southern,Sun Belt,4,North Florida,ASUN,1,1,0,09-09-2024,/game/6310055
final,Maryland,Big Ten,1,San Diego St.,WAC,1,0,0,09-09-2024,/game/6311285
final,Marist,MAAC,0,UAlbany,America East,2,-1,0,09-09-2024,/game/6310061
final,Penn St.,Big Ten,2,Cornell,Ivy League,3,-1,0,09-09-2024,/game/6309538
final,UConn,Big East,2,Siena,MAAC,1,1,0,09-09-2024,/game/6310060
final,Northwestern,Big Ten,1,Marquette,Big East,0,1,0,09-09-2024,/game/6309522
final,Rutgers,Big Ten,1,Seton Hall,Big East,3,-1,0,09-09-2024,/game/6309552
final,Oakland,Horizon,3,Michigan St.,Big Ten,0,1,0,09-09-2024,/game/6309565
final,Akron,Big East,1,IU Indy,Horizon,2,-1,0,09-09-2024,/game/6310054
final,James Madison,Sun Belt,1,Georgetown,Big East,0,1,0,09-09-2024,/game/6310053
final,Penn,Ivy League,3,Fordham,Atlantic 10,1,1,0,09-09-2024,/game/6310052
final,Providence,Big East,0,Rhode Island,Atlantic 10,1,-1,0,09-09-2024,/game/6310051
final,South Fla.,AAC,2,UC Irvine,Big West,1,1,0,09-09-2024,/game/6310047
final,Wake Forest,ACC,1,Radford,Big South,0,1,0,09-09-2024,/game/6310049
final,Coastal Carolina,Sun Belt,2,Presbyterian,Big South,3,-1,0,09-09-2024,/game/6310048
final,Kentucky,Sun Belt,0,Louisville,ACC,1,-1,0,09-09-2024,/game/6310063
final,Drake,MVC,2,Kansas City,Summit League,0,1,0,09-09-2024,/game/6310050
final,Indiana,Big Ten,0,Dayton,Atlantic 10,2,-1,0,09-09-2024,/game/6309606
final,Omaha,Summit League,2,Houston Christian,OVC,2,0,0,09-09-2024,/game/6310056
final,Chicago St.,NEC,0,Milwaukee,Horizon,3,-1,0,09-09-2024,/game/6310057
final,Grand Canyon,WAC,0,Creighton,Big East,1,-1,0,09-09-2024,/game/6310059
final,UCLA,Big Ten,0,Denver,Summit League,0,0,0,09-09-2024,/game/6309596
final,Pacific,WCC,0,UC Santa Barbara,Big West,1,-1,0,09-09-2024,/game/6310058
final,Washington,Big Ten,2,Seattle U,WAC,1,1,0,09-09-2024,/game/6311279
final,Quinnipiac,MAAC,5,Central Conn. St.,NEC,1,1,0,09-10-2024,/game/6310064
final,Queens (NC),ASUN,1,Col. of Charleston,CAA,3,-1,0,09-10-2024,/game/6310067
final,UNC Asheville,Big South,1,Wofford,SoCon,0,1,0,09-10-2024,/game/6310065
final,Lehigh,Patriot,2,Vermont,America East,3,-1,0,09-10-2024,/game/6310071
final,Drexel,CAA,2,Temple,The American,0,1,0,09-10-2024,/game/6310070
final,NC State,ACC,7,Winthrop,Big South,0,1,0,09-10-2024,/game/6310069
final,Holy Cross,Patriot,0,Stonehill,NEC,1,-1,0,09-10-2024,/game/6310068
final,Northeastern,CAA,4,Merrimack,MAAC,1,1,0,09-10-2024,/game/6310066
final,Bellarmine,ASUN,1,Belmont,MVC,1,0,0,09-10-2024,/game/6310072
final,Clemson,ACC,6,Loyola Maryland,Patriot,0,1,0,09-10-2024,/game/6310076
final,Bryant,America East,3,Iona,MAAC,1,1,0,09-10-2024,/game/6310078
final,Monmouth,CAA,1,La Salle,Atlantic 10,0,1,0,09-10-2024,/game/6310073
final,UNCW,CAA,0,George Mason,Atlantic 10,1,-1,0,09-10-2024,/game/6310075
final,Lafayette,Patriot,0,Binghamton,America East,1,-1,0,09-10-2024,/game/6310088
final,Brown,Ivy League,0,FDU,NEC,0,0,0,09-10-2024,/game/6310087
final,St. John's (NY),Big East,1,Princeton,Ivy League,2,-1,0,09-10-2024,/game/6310086
final,Butler,Big East,4,Evansville,MVC,1,1,0,09-10-2024,/game/6310081
final,South Carolina,Sun Belt,4,USC Upstate,Big South,0,1,0,09-10-2024,/game/6310079
final,Old Dominion,Sun Belt,2,William & Mary,CAA,0,1,0,09-10-2024,/game/6310080
final,Delaware,CAA,2,Mount St. Mary's,MAAC,1,1,0,09-10-2024,/game/6310085
final,Navy,Patriot,0,George Washington,Atlantic 10,1,-1,0,09-10-2024,/game/6310082
final,UNC Greensboro,SoCon,2,Longwood,Big South,0,1,0,09-10-2024,/game/6310084
final,Sacred Heart,MAAC,1,NJIT,America East,0,1,0,09-10-2024,/game/6310083
final,Marshall,Sun Belt,2,Gardner-Webb,Big South,0,1,0,09-10-2024,/game/6310091
final,Central Ark.,ASUN,0,Missouri St.,MVC,2,-1,0,09-10-2024,/game/6310089
final,Tulsa,The American,2,Oral Roberts,Summit League,2,0,0,09-10-2024,/game/6310090
final,Notre Dame,ACC,1,Duquesne,Atlantic 10,1,0,0,09-10-2024,/game/6310092
final,LMU (CA),WCC,0,West Virginia,Sun Belt,0,0,0,09-10-2024,/game/6310074
final,Stanford,ACC,3,UC Riverside,Big West,0,1,0,09-10-2024,/game/6310077
final,LIU,NEC,2,Fairfield,MAAC,1,1,0,09-11-2024,/game/6310093
final,Le Moyne,NEC,2,Saint Peter's,MAAC,0,1,0,09-11-2024,/game/6310094
final,Massachusetts,Atlantic 10,7,UMass Lowell,America East,1,1,0,09-11-2024,/game/6310095
final,Manhattan,MAAC,1,Columbia,Ivy League,0,1,0,09-11-2024,/game/6310096
final,Davidson,Atlantic 10,0,Furman,SoCon,0,0,0,09-11-2024,/game/6310097
final,FIU,AAC,4,UCF,Sun Belt,3,1,0,09-11-2024,/game/6310098
final,High Point,Big South,1,ETSU,SoCon,0,1,0,09-11-2024,/game/6310099
final,Purdue Fort Wayne,Horizon,10,Ind.-East,IND,0,1,0,09-11-2024,/game/6310102
final,Campbell,CAA,1,VCU,Atlantic 10,1,0,0,09-11-2024,/game/6310103
final,CSU Bakersfield,Big West,0,UNLV,WAC,1,-1,0,09-11-2024,/game/6310100
final,California Baptist,WAC,3,CSUN,Big West,3,0,0,09-11-2024,/game/6310101
final,Presbyterian,Big South,3,VMI,SoCon,0,1,0,09-12-2024,/game/6310104
final,Sacramento St.,Big West,1,San Francisco,WCC,0,1,0,09-12-2024,/game/6310105
final,UTRGV,WAC,1,Jacksonville,ASUN,1,0,0,09-12-2024,/game/6310109
final,Saint Mary's (CA),WCC,0,UC Davis,Big West,2,-1,0,09-12-2024,/game/6310106
final,UIC,MVC,2,Loyola Chicago,Atlantic 10,0,1,0,09-12-2024,/game/6310111
final,Marquette,Big East,1,Edgewood,NACC,0,1,0,09-12-2024,/game/6310062
final,San Jose St.,WAC,1,UC San Diego,Big West,1,0,0,09-12-2024,/game/6310108
final,Seattle U,WAC,1,Gonzaga,WCC,2,-1,0,09-12-2024,/game/6310110
final,Santa Clara,WCC,1,Grand Canyon,WAC,1,0,0,09-12-2024,/game/6310112
final,Memphis,The American,1,SIUE,OVC,1,0,0,09-13-2024,/game/6310107
final,DePaul,Big East,2,Mercyhurst,NEC,3,-1,0,09-13-2024,/game/6310113
final,Siena,MAAC,0,Xavier,Big East,0,0,0,09-13-2024,/game/6310115
final,Fla. Atlantic,The American,2,North Florida,ASUN,0,1,0,09-13-2024,/game/6310118
final,NC State,ACC,1,Stetson,ASUN,1,0,0,09-13-2024,/game/6310117
final,Rutgers,Big Ten,0,Indiana,Big Ten,1,-1,0,09-13-2024,/game/6309553
final,Michigan St.,Big Ten,1,Washington,Big Ten,0,1,0,09-13-2024,/game/6309566
final,California,ACC,1,SMU,ACC,2,-1,0,09-13-2024,/game/6310114
final,Kansas City,Summit League,3,Mercer,SoCon,3,0,0,09-13-2024,/game/6310119
final,Wake Forest,ACC,1,Virginia,ACC,1,0,0,09-13-2024,/game/6310121
final,Bowling Green,MVC,2,NIU,MVC,1,1,0,09-13-2024,/game/6310124
final,William & Mary,CAA,0,Penn,Ivy League,2,-1,0,09-13-2024,/game/6310125
final,UMBC,America East,4,Saint Joseph's,Atlantic 10,0,1,0,09-13-2024,/game/6310126
final,Georgia St.,Sun Belt,3,USC Upstate,Big South,2,1,0,09-13-2024,/game/6310127
final,Boston College,ACC,0,Clemson,ACC,1,-1,0,09-13-2024,/game/6310129
final,Michigan,Big Ten,2,Penn St.,Big Ten,1,1,0,09-13-2024,/game/6309539
final,Pittsburgh,ACC,3,Louisville,ACC,2,1,0,09-13-2024,/game/6310131
final,UNC Greensboro,SoCon,0,Charlotte,The American,0,0,0,09-13-2024,/game/6310132
final,Dartmouth,Ivy League,1,UConn,Big East,2,-1,0,09-13-2024,/game/6310133
final,Duke,ACC,1,North Carolina,ACC,2,-1,0,09-13-2024,/game/6310134
final,Marist,MAAC,2,Fordham,Atlantic 10,1,1,0,09-13-2024,/game/6310135
final,Ohio St.,Big Ten,1,Butler,Big East,0,1,0,09-13-2024,/game/6309507
final,Maryland,Big Ten,3,Wisconsin,Big Ten,0,1,0,09-13-2024,/game/6309576
final,Syracuse,ACC,0,Virginia Tech,ACC,2,-1,0,09-13-2024,/game/6310137
final,Northwestern,Big Ten,0,UCLA,Big Ten,1,-1,0,09-13-2024,/game/6309523
final,UIW,OVC,4,Our Lady of the Lake,IND,0,1,0,09-13-2024,/game/6310136
final,UC Irvine,Big West,0,San Diego,WCC,1,-1,0,09-13-2024,/game/6310116
final,Utah Valley,WAC,1,Cal Poly,Big West,1,0,0,09-13-2024,/game/6310122
final,Utah Tech,WAC,1,Lindenwood,OVC,2,-1,0,09-13-2024,/game/6310128
final,UC Santa Barbara,Big West,0,New Hampshire,America East,0,0,0,09-13-2024,/game/6310120
final,Cal St. Fullerton,Big West,2,LMU (CA),WCC,2,0,0,09-13-2024,/game/6310123
final,Portland,WCC,0,Saint Louis,Atlantic 10,2,-1,0,09-13-2024,/game/6310130
final,Georgetown,Big East,2,LIU,NEC,2,0,0,09-14-2024,/game/6310138
final,Hofstra,CAA,3,UNCW,CAA,0,1,0,09-14-2024,/game/6310139
final,Stony Brook,CAA,2,Col. of Charleston,CAA,4,-1,0,09-14-2024,/game/6310140
final,American,Patriot,2,Loyola Maryland,Patriot,0,1,0,09-14-2024,/game/6310141
final,Wofford,SoCon,1,Winthrop,Big South,0,1,0,09-14-2024,/game/6310142
final,Drexel,CAA,1,Northeastern,CAA,0,1,0,09-14-2024,/game/6310144
final,Iona,MAAC,1,Binghamton,America East,2,-1,0,09-14-2024,/game/6310145
final,Bucknell,Patriot,2,Navy,Patriot,1,1,0,09-14-2024,/game/6310146
final,Akron,Big East,0,Temple,The American,1,-1,0,09-14-2024,/game/6310147
final,Stonehill,NEC,1,St. Thomas (MN),Summit League,2,-1,0,09-14-2024,/game/6310148
final,Massachusetts,Atlantic 10,1,Brown,Ivy League,0,1,0,09-14-2024,/game/6310149
final,Boston U.,Patriot,3,Army West Point,Patriot,2,1,0,09-14-2024,/game/6310150
final,Green Bay,Horizon,5,Detroit Mercy,Horizon,1,1,0,09-14-2024,/game/6310143
final,Robert Morris,Horizon,0,Northern Ky.,Horizon,0,0,0,09-14-2024,/game/6310151
final,Davidson,Atlantic 10,0,UNC Asheville,Big South,3,-1,0,09-14-2024,/game/6310152
final,Delaware,CAA,3,Elon,CAA,4,-1,0,09-14-2024,/game/6310153
final,Campbell,CAA,2,Monmouth,CAA,2,0,0,09-14-2024,/game/6310154
final,Quinnipiac,MAAC,0,La Salle,Atlantic 10,0,0,0,09-14-2024,/game/6310155
final,Canisius,MAAC,3,Saint Francis,NEC,3,0,0,09-14-2024,/game/6310156
final,Wright St.,Horizon,2,IU Indy,Horizon,0,1,0,09-14-2024,/game/6310157
final,Colgate,Patriot,2,Lafayette,Patriot,1,1,0,09-14-2024,/game/6310158
final,Purdue Fort Wayne,Horizon,2,Milwaukee,Horizon,0,1,0,09-14-2024,/game/6310159
final,VMI,SoCon,2,Howard,NEC,1,1,0,09-14-2024,/game/6310160
final,Holy Cross,Patriot,2,Lehigh,Patriot,1,1,0,09-14-2024,/game/6310161
final,Vermont,America East,5,Fairfield,MAAC,0,1,0,09-14-2024,/game/6310163
final,Central Conn. St.,NEC,1,Rhode Island,Atlantic 10,1,0,0,09-14-2024,/game/6310164
final,UAlbany,America East,2,Cornell,Ivy League,2,0,0,09-14-2024,/game/6310165
final,Creighton,Big East,3,Tulsa,The American,0,1,0,09-14-2024,/game/6310162
final,Coastal Carolina,Sun Belt,0,Gardner-Webb,Big South,1,-1,0,09-14-2024,/game/6310166
final,James Madison,Sun Belt,2,Liberty,OVC,0,1,0,09-14-2024,/game/6310170
final,Mount St. Mary's,MAAC,1,Longwood,Big South,1,0,0,09-14-2024,/game/6310171
final,Merrimack,MAAC,1,UMass Lowell,America East,2,-1,0,09-14-2024,/game/6310172
final,Niagara,MAAC,4,St. Bonaventure,Atlantic 10,2,1,0,09-14-2024,/game/6310173
final,Oakland,Horizon,2,Cleveland St.,Horizon,1,1,0,09-14-2024,/game/6310176
final,FDU,NEC,2,Villanova,Big East,2,0,0,09-14-2024,/game/6310179
final,Columbia,Ivy League,0,Sacred Heart,MAAC,1,-1,0,09-14-2024,/game/6310180
final,Notre Dame,ACC,0,Stanford,ACC,1,-1,0,09-14-2024,/game/6310181
final,Seton Hall,Big East,3,Harvard,Ivy League,2,1,0,09-14-2024,/game/6310182
final,Rider,MAAC,2,NJIT,America East,1,1,0,09-14-2024,/game/6310183
final,Marshall,Sun Belt,1,St. John's (NY),Big East,1,0,0,09-14-2024,/game/6310184
final,Bryant,America East,1,Providence,Big East,2,-1,0,09-14-2024,/game/6310185
final,Southern Ind.,OVC,0,Bellarmine,ASUN,8,-1,0,09-14-2024,/game/6310167
final,Oral Roberts,Summit League,2,Houston Christian,OVC,2,0,0,09-14-2024,/game/6310168
final,Evansville,MVC,1,Drake,MVC,2,-1,0,09-14-2024,/game/6310175
final,Lipscomb,ASUN,2,Kentucky,Sun Belt,2,0,0,09-14-2024,/game/6310177
final,Denver,Summit League,4,Yale,Ivy League,1,1,0,09-14-2024,/game/6310169
final,UC Santa Barbara,Big West,2,Westmont,PacWest,2,0,0,09-14-2024,/game/6310178
final,High Point,Big South,3,FGCU,ASUN,0,1,0,09-15-2024,/game/6310186
final,Belmont,MVC,1,Western Mich.,MVC,1,0,0,09-15-2024,/game/6310187
final,Oregon St.,WCC,4,San Diego St.,WAC,1,1,0,09-15-2024,/game/6310188
final,UCF,Sun Belt,0,South Fla.,AAC,0,0,0,09-15-2024,/game/6310190
final,Old Dominion,Sun Belt,1,George Mason,Atlantic 10,0,1,0,09-15-2024,/game/6310193
final,UC Davis,Big West,2,San Francisco,WCC,1,1,0,09-15-2024,/game/6310189
final,Ga. Southern,Sun Belt,2,UAB,AAC,2,0,0,09-15-2024,/game/6310194
final,South Carolina,Sun Belt,2,ETSU,SoCon,0,1,0,09-15-2024,/game/6310197
final,Saint Mary's (CA),WCC,2,Sacramento St.,Big West,4,-1,0,09-15-2024,/game/6310191
final,UIC,MVC,2,Marquette,Big East,0,1,0,09-15-2024,/game/6310195
final,Missouri St.,MVC,1,Bradley,MVC,0,1,0,09-15-2024,/game/6310196
final,Central Ark.,ASUN,1,FIU,AAC,3,-1,0,09-15-2024,/game/6310200
final,Gonzaga,WCC,2,Western Ill.,OVC,3,-1,0,09-15-2024,/game/6310192
final,UC San Diego,Big West,3,Air Force,WAC,0,1,0,09-15-2024,/game/6310198
final,UNLV,WAC,1,CSUN,Big West,0,1,0,09-15-2024,/game/6310199
final,Grand Canyon,WAC,1,Cal St. Fullerton,Big West,1,0,0,09-15-2024,/game/6310210
final,Santa Clara,WCC,2,San Jose St.,WAC,1,1,0,09-15-2024,/game/6310201
final,NIU,MVC,1,Mercyhurst,NEC,0,1,0,09-16-2024,/game/6310202
final,California,ACC,5,Dominican (CA),PacWest,0,1,0,09-16-2024,/game/6310203
final,Holy Cross,Patriot,2,Clemson,ACC,2,0,0,09-16-2024,/game/6310205
final,VCU,Atlantic 10,2,Penn,Ivy League,0,1,0,09-16-2024,/game/6310211
final,Fordham,Atlantic 10,2,Manhattan,MAAC,2,0,0,09-16-2024,/game/6310208
final,Michigan,Big Ten,1,Washington,Big Ten,1,0,0,09-16-2024,/game/6309587
final,SMU,ACC,2,UIW,OVC,0,1,0,09-16-2024,/game/6310206
final,Utah Valley,WAC,3,Lindenwood,OVC,1,1,0,09-16-2024,/game/6310204
final,Wisconsin,Big Ten,4,UCLA,Big Ten,1,1,0,09-16-2024,/game/6309577
final,Utah Tech,WAC,1,Cal Poly,Big West,1,0,0,09-16-2024,/game/6310207
final,California Baptist,WAC,0,San Diego,WCC,2,-1,0,09-16-2024,/game/6310209
final,Green Bay,Horizon,2,Wis.-Parkside,GLIAC,1,1,0,09-17-2024,/game/6310212
final,Iona,MAAC,4,George Washington,Atlantic 10,1,1,0,09-17-2024,/game/6310214
final,Southern Ind.,OVC,0,Purdue Fort Wayne,Horizon,1,-1,0,09-17-2024,/game/6310213
final,LIU,NEC,1,Monmouth,CAA,1,0,0,09-17-2024,/game/6310215
final,Saint Peter's,MAAC,1,Binghamton,America East,3,-1,0,09-17-2024,/game/6310216
final,Robert Morris,Horizon,3,Duquesne,Atlantic 10,0,1,0,09-17-2024,/game/6310217
final,Oakland,Horizon,2,Loyola Chicago,Atlantic 10,1,1,0,09-17-2024,/game/6310218
final,Boston College,ACC,3,Siena,MAAC,1,1,0,09-17-2024,/game/6310219
final,Saint Joseph's,Atlantic 10,0,Bryant,America East,1,-1,0,09-17-2024,/game/6310220
final,Penn St.,Big Ten,0,Ohio St.,Big Ten,5,-1,0,09-17-2024,/game/6309508
final,Yale,Ivy League,1,Rutgers,Big Ten,1,0,0,09-17-2024,/game/6309554
final,Northeastern,CAA,0,Harvard,Ivy League,0,0,0,09-17-2024,/game/6310221
final,NC State,ACC,4,UNCW,CAA,1,1,0,09-17-2024,/game/6310222
final,Col. of Charleston,CAA,2,Furman,SoCon,4,-1,0,09-17-2024,/game/6310223
final,La Salle,Atlantic 10,1,Rider,MAAC,3,-1,0,09-17-2024,/game/6310224
final,Davidson,Atlantic 10,2,Mercer,SoCon,1,1,0,09-17-2024,/game/6310225
final,Wake Forest,ACC,1,Elon,CAA,1,0,0,09-17-2024,/game/6310226
final,Hofstra,CAA,1,New Hampshire,America East,0,1,0,09-17-2024,/game/6310227
final,American,Patriot,4,UMBC,America East,3,1,0,09-17-2024,/game/6310229
final,Charlotte,AAC,1,Campbell,CAA,0,1,0,09-17-2024,/game/6310230
final,Mount St. Mary's,MAAC,1,James Madison,Sun Belt,2,-1,0,09-17-2024,/game/6310231
final,West Virginia,Sun Belt,2,UNC Greensboro,SoCon,2,0,0,09-17-2024,/game/6310232
final,Northern Ky.,Horizon,1,Bowling Green,MVC,1,0,0,09-17-2024,/game/6310233
final,Wofford,SoCon,0,Georgia St.,Sun Belt,2,-1,0,09-17-2024,/game/6310234
final,North Florida,ASUN,3,USC Upstate,Big South,2,1,0,09-17-2024,/game/6310235
final,Radford,Big South,1,Queens (NC),ASUN,2,-1,0,09-17-2024,/game/6310238
final,FDU,NEC,0,Drexel,CAA,2,-1,0,09-17-2024,/game/6310239
final,Dartmouth,Ivy League,0,Massachusetts,Atlantic 10,5,-1,0,09-17-2024,/game/6310240
final,Brown,Ivy League,5,Boston U.,Patriot,1,1,0,09-17-2024,/game/6310241
final,Syracuse,ACC,5,Canisius,MAAC,1,1,0,09-17-2024,/game/6310242
final,Cornell,Ivy League,3,Bucknell,Patriot,0,1,0,09-17-2024,/game/6310243
final,Lafayette,Patriot,2,UAlbany,America East,1,1,0,09-17-2024,/game/6310244
final,Wright St.,Horizon,2,Eastern Ill.,OVC,2,0,0,09-17-2024,/game/6310245
final,Cleveland St.,Horizon,0,Pittsburgh,ACC,4,-1,0,09-17-2024,/game/6310246
final,Princeton,Ivy League,3,Colgate,Patriot,1,1,0,09-17-2024,/game/6310247
final,Indiana,Big Ten,1,Evansville,MVC,1,0,0,09-17-2024,/game/6309607
final,Omaha,Summit League,1,Drake,MVC,1,0,0,09-17-2024,/game/6310236
final,Saint Louis,Atlantic 10,2,Lipscomb,ASUN,2,0,0,09-17-2024,/game/6310237
final,St. Bonaventure,Atlantic 10,1,Le Moyne,NEC,1,0,0,09-18-2024,/game/6310249
final,Dayton,Atlantic 10,1,Western Mich.,MVC,1,0,1,09-18-2024,/game/6310253
final,NJIT,America East,4,Central Conn. St.,NEC,0,1,0,09-18-2024,/game/6310252
final,Columbia,Ivy League,1,Fairfield,MAAC,3,-1,0,09-18-2024,/game/6310256
final,Houston Christian,OVC,1,UTRGV,WAC,0,1,0,09-18-2024,/game/6310254
final,SIUE,OVC,2,Bradley,MVC,0,1,0,09-18-2024,/game/6310255
final,Cal St. Fullerton,Big West,1,Gonzaga,WCC,1,0,0,09-18-2024,/game/6310250
final,Stanford,ACC,1,UC Davis,Big West,0,1,0,09-18-2024,/game/6310251
final,Utah Valley,WAC,1,UC Santa Barbara,Big West,4,-1,0,09-19-2024,/game/6310258
final,Denver,Summit League,0,Portland,WCC,0,0,0,09-19-2024,/game/6310259
final,San Diego,WCC,1,Grand Canyon,WAC,0,1,0,09-19-2024,/game/6310261
final,Oregon St.,WCC,2,Seattle U,WAC,2,0,0,09-19-2024,/game/6310260
final,UNLV,WAC,2,Kansas City,Summit League,3,-1,0,09-19-2024,/game/6310257
final,Santa Clara,WCC,1,Sacramento St.,Big West,2,-1,0,09-19-2024,/game/6310262
final,DePaul,Big East,2,UConn,Big East,3,-1,0,09-20-2024,/game/6310263
final,Villanova,Big East,2,Marquette,Big East,3,-1,0,09-20-2024,/game/6310264
final,Western Ill.,OVC,4,NIU,MVC,0,1,0,09-20-2024,/game/6310265
final,Penn St.,Big Ten,2,Michigan St.,Big Ten,1,1,0,09-20-2024,/game/6309540
final,Indiana,Big Ten,0,Maryland,Big Ten,1,-1,0,09-20-2024,/game/6309608
final,Xavier,Big East,1,St. John's (NY),Big East,0,1,0,09-20-2024,/game/6310281
final,Louisville,ACC,1,Syracuse,ACC,1,0,0,09-20-2024,/game/6310280
final,Notre Dame,ACC,6,Chicago St.,NEC,1,1,0,09-20-2024,/game/6310279
final,Creighton,Big East,0,Georgetown,Big East,1,-1,0,09-20-2024,/game/6310266
final,High Point,Big South,2,UNC Asheville,Big South,1,1,0,09-20-2024,/game/6310269
final,South Fla.,AAC,1,FIU,AAC,0,1,0,09-20-2024,/game/6310271
final,Providence,Big East,1,Seton Hall,Big East,0,1,0,09-20-2024,/game/6310273
final,North Carolina,ACC,2,NC State,ACC,0,1,0,09-20-2024,/game/6310274
final,South Carolina,Sun Belt,1,Marshall,Sun Belt,2,-1,0,09-20-2024,/game/6310275
final,Pittsburgh,ACC,2,Boston College,ACC,0,1,0,09-20-2024,/game/6310276
final,Akron,Big East,4,Butler,Big East,3,1,0,09-20-2024,/game/6310277
final,VCU,Atlantic 10,2,Rhode Island,Atlantic 10,0,1,0,09-20-2024,/game/6310278
final,Kentucky,Sun Belt,0,Ga. Southern,Sun Belt,0,0,0,09-20-2024,/game/6310284
final,Clemson,ACC,1,Wake Forest,ACC,0,1,0,09-20-2024,/game/6310283
final,SMU,ACC,2,Virginia Tech,ACC,0,1,0,09-20-2024,/game/6310270
final,Tulsa,AAC,1,Memphis,AAC,2,-1,0,09-20-2024,/game/6310282
final,Air Force,WAC,0,UC Riverside,Big West,2,-1,0,09-20-2024,/game/6310267
final,San Jose St.,WAC,0,Saint Mary's (CA),WCC,0,0,0,09-20-2024,/game/6310268
final,LMU (CA),WCC,1,California Baptist,WAC,0,1,0,09-20-2024,/game/6310272
final,Washington,Big Ten,2,Northwestern,Big Ten,0,1,0,09-20-2024,/game/6309524
final,Elon,CAA,2,Stony Brook,CAA,1,1,0,09-21-2024,/game/6310286
final,Massachusetts,Atlantic 10,1,George Mason,Atlantic 10,2,-1,0,09-21-2024,/game/6310287
final,Northeastern,CAA,0,William & Mary,CAA,2,-1,0,09-21-2024,/game/6310288
final,Binghamton,America East,2,Central Conn. St.,NEC,1,1,0,09-21-2024,/game/6310289
final,Northern Ky.,Horizon,1,Oakland,Horizon,1,0,0,09-21-2024,/game/6310290
final,George Washington,Atlantic 10,0,Duquesne,Atlantic 10,1,-1,0,09-21-2024,/game/6310292
final,Saint Joseph's,Atlantic 10,0,Davidson,Atlantic 10,2,-1,0,09-21-2024,/game/6310293
final,Purdue Fort Wayne,Horizon,2,Green Bay,Horizon,0,1,0,09-21-2024,/game/6310294
final,Col. of Charleston,CAA,1,Delaware,CAA,0,1,0,09-21-2024,/game/6310295
final,Lafayette,Patriot,1,Navy,Patriot,2,-1,0,09-21-2024,/game/6310296
final,Rider,MAAC,2,Mercyhurst,NEC,0,1,0,09-21-2024,/game/6310297
final,Milwaukee,Horizon,3,Wright St.,Horizon,3,0,0,09-21-2024,/game/6310291
final,Howard,NEC,2,UC San Diego,Big West,2,0,0,09-21-2024,/game/6310298
final,UNCW,CAA,2,Drexel,CAA,1,1,0,09-21-2024,/game/6310299
final,Saint Peter's,MAAC,0,VMI,SoCon,0,0,0,09-21-2024,/game/6310300
final,IU Indy,Horizon,2,Robert Morris,Horizon,3,-1,0,09-21-2024,/game/6310301
final,Loyola Maryland,Patriot,2,Boston U.,Patriot,2,0,0,09-21-2024,/game/6310302
final,Le Moyne,NEC,1,Niagara,MAAC,1,0,0,09-21-2024,/game/6310303
final,Loyola Chicago,Atlantic 10,2,Dayton,Atlantic 10,2,0,0,09-21-2024,/game/6310304
final,Colgate,Patriot,1,American,Patriot,1,0,0,09-21-2024,/game/6310305
final,Bucknell,Patriot,0,Holy Cross,Patriot,0,0,0,09-21-2024,/game/6310306
final,Siena,MAAC,3,NJIT,America East,0,1,0,09-21-2024,/game/6310308
final,Queens (NC),ASUN,0,Lipscomb,ASUN,0,0,0,09-21-2024,/game/6310321
final,Yale,Ivy League,4,Sacred Heart,MAAC,1,1,0,09-21-2024,/game/6310310
final,Dartmouth,Ivy League,2,Bryant,America East,1,1,0,09-21-2024,/game/6310311
final,Penn,Ivy League,1,Manhattan,MAAC,0,1,0,09-21-2024,/game/6310320
final,UCLA,Big Ten,3,Michigan,Big Ten,3,0,0,09-21-2024,/game/6309588
final,Vermont,America East,5,Harvard,Ivy League,0,1,0,09-21-2024,/game/6310314
final,FGCU,ASUN,1,Jacksonville,ASUN,0,1,0,09-21-2024,/game/6310315
final,Temple,The American,0,Charlotte,The American,1,-1,0,09-21-2024,/game/6310285
final,California,ACC,1,Virginia,ACC,1,0,0,09-21-2024,/game/6310307
final,Monmouth,CAA,2,Hofstra,CAA,1,1,0,09-21-2024,/game/6310316
final,Army West Point,Patriot,2,Lehigh,Patriot,3,-1,0,09-21-2024,/game/6310319
final,Georgia St.,Sun Belt,0,Coastal Carolina,Sun Belt,1,-1,0,09-21-2024,/game/6310322
final,Stetson,ASUN,2,North Florida,ASUN,1,1,0,09-21-2024,/game/6310324
final,Old Dominion,Sun Belt,0,West Virginia,Sun Belt,1,-1,0,09-21-2024,/game/6310325
final,Bellarmine,ASUN,0,Central Ark.,ASUN,1,-1,0,09-21-2024,/game/6310327
final,USC Upstate,Big South,0,Winthrop,Big South,2,-1,0,09-21-2024,/game/6310328
final,Columbia,Ivy League,0,FDU,NEC,1,-1,0,09-21-2024,/game/6310329
final,Brown,Ivy League,5,Stonehill,NEC,3,1,0,09-21-2024,/game/6310330
final,Cornell,Ivy League,1,UMBC,America East,0,1,0,09-21-2024,/game/6310331
final,Gardner-Webb,Big South,2,Radford,Big South,1,1,0,09-21-2024,/game/6310332
final,La Salle,Atlantic 10,0,Saint Louis,Atlantic 10,0,0,0,09-21-2024,/game/6310333
final,Marist,MAAC,3,LIU,NEC,2,1,0,09-21-2024,/game/6310335
final,Cleveland St.,Horizon,2,Detroit Mercy,Horizon,2,0,0,09-21-2024,/game/6310336
final,James Madison,Sun Belt,2,UCF,Sun Belt,0,1,0,09-21-2024,/game/6310337
final,Gonzaga,WCC,1,CSU Bakersfield,Big West,1,0,0,09-21-2024,/game/6310309
final,Oral Roberts,Summit League,6,UTRGV,WAC,0,1,0,09-21-2024,/game/6310317
final,Bradley,MVC,1,Bowling Green,MVC,2,-1,0,09-21-2024,/game/6310318
final,UIC,MVC,1,Missouri St.,MVC,3,-1,0,09-21-2024,/game/6310323
final,UAB,The American,3,Fla. Atlantic,The American,2,1,0,09-21-2024,/game/6310326
final,UC Irvine,Big West,4,Utah Tech,WAC,2,1,0,09-21-2024,/game/6310312
final,San Diego St.,WAC,3,UC Davis,Big West,3,0,0,09-21-2024,/game/6310334
final,St. Bonaventure,Atlantic 10,0,Fordham,Atlantic 10,0,0,0,09-22-2024,/game/6310313
final,Presbyterian,Big South,1,Longwood,Big South,3,-1,0,09-22-2024,/game/6310339
final,SIUE,OVC,0,Omaha,Summit League,1,-1,0,09-22-2024,/game/6310338
final,St. Thomas (MN),Summit League,1,Lindenwood,OVC,2,-1,0,09-22-2024,/game/6310341
final,Drake,MVC,4,Belmont,MVC,0,1,0,09-22-2024,/game/6310340
final,Western Mich.,MVC,2,Evansville,MVC,1,1,0,09-22-2024,/game/6310342
final,Ohio St.,Big Ten,3,Rutgers,Big Ten,0,1,0,09-22-2024,/game/6309509
final,CSUN,Big West,2,Santa Clara,WCC,1,1,0,09-22-2024,/game/6310343
final,Sacramento St.,Big West,1,Pacific,WCC,1,0,0,09-22-2024,/game/6310344
final,San Diego,WCC,0,Cal St. Fullerton,Big West,2,-1,0,09-22-2024,/game/6310345
final,Denver,Summit League,2,Seattle U,WAC,1,1,0,09-22-2024,/game/6310347
final,Stanford,ACC,2,Duke,ACC,2,0,0,09-22-2024,/game/6310348
final,UC Santa Barbara,Big West,3,Portland,WCC,0,1,0,09-22-2024,/game/6310346
final,Grand Canyon,WAC,0,LMU (CA),WCC,1,-1,0,09-23-2024,/game/6310350
final,San Francisco,WCC,4,San Jose St.,WAC,0,1,0,09-23-2024,/game/6310349
final,Georgetown,Big East,2,Princeton,Ivy League,0,1,0,09-24-2024,/game/6310352
final,St. Bonaventure,Atlantic 10,2,Robert Morris,Horizon,1,1,0,09-24-2024,/game/6310353
final,Villanova,Big East,2,Penn,Ivy League,2,0,0,09-24-2024,/game/6310354
final,Quinnipiac,MAAC,1,Yale,Ivy League,2,-1,0,09-24-2024,/game/6310355
final,UNC Asheville,Big South,1,ETSU,SoCon,1,0,0,09-24-2024,/game/6310356
final,Bryant,America East,1,Holy Cross,Patriot,0,1,0,09-24-2024,/game/6310357
final,UMass Lowell,America East,0,Northeastern,CAA,0,0,0,09-24-2024,/game/6310359
final,Boston U.,Patriot,1,Boston College,ACC,1,0,0,09-24-2024,/game/6310360
final,St. John's (NY),Big East,1,Penn St.,Big Ten,2,-1,0,09-24-2024,/game/6309541
final,Akron,Big East,8,Saint Francis,NEC,0,1,0,09-24-2024,/game/6310351
final,South Carolina,Sun Belt,3,Queens (NC),ASUN,0,1,0,09-24-2024,/game/6310358
final,IU Indy,Horizon,1,Western Ill.,OVC,2,-1,0,09-24-2024,/game/6310361
final,George Mason,Atlantic 10,1,William & Mary,CAA,0,1,0,09-24-2024,/game/6310362
final,Howard,NEC,1,George Washington,Atlantic 10,1,0,0,09-24-2024,/game/6310363
final,Ga. Southern,Sun Belt,2,Col. of Charleston,CAA,1,1,0,09-24-2024,/game/6310364
final,Bowling Green,MVC,5,Eastern Ill.,OVC,0,1,0,09-24-2024,/game/6310365
final,Providence,Big East,2,Brown,Ivy League,1,1,0,09-24-2024,/game/6310366
final,Clemson,ACC,1,Liberty,OVC,0,1,0,09-24-2024,/game/6310368
final,James Madison,Sun Belt,5,Radford,Big South,0,1,0,09-24-2024,/game/6310369
final,Loyola Maryland,Patriot,0,Hofstra,CAA,3,-1,0,09-24-2024,/game/6310370
final,North Carolina,ACC,0,Mercer,SoCon,0,0,0,09-24-2024,/game/6310371
final,Merrimack,MAAC,1,Dartmouth,Ivy League,2,-1,0,09-24-2024,/game/6310372
final,Stetson,ASUN,2,Eckerd,Sunshine State,3,-1,0,09-24-2024,/game/6310374
final,Butler,Big East,2,Wright St.,Horizon,3,-1,0,09-24-2024,/game/6310375
final,Navy,Patriot,1,UC San Diego,Big West,1,0,0,09-24-2024,/game/6310376
final,Duquesne,Atlantic 10,2,Mount St. Mary's,MAAC,1,1,0,09-24-2024,/game/6310377
final,Saint Joseph's,Atlantic 10,2,Temple,AAC,0,1,0,09-24-2024,/game/6310379
final,Campbell,CAA,0,UNCW,CAA,0,0,0,09-24-2024,/game/6310380
final,UConn,Big East,0,Fairfield,MAAC,0,0,0,09-24-2024,/game/6310382
final,Syracuse,ACC,0,Cornell,Ivy League,1,-1,0,09-24-2024,/game/6310386
final,Notre Dame,ACC,3,Detroit Mercy,Horizon,1,1,0,09-24-2024,/game/6310387
final,La Salle,Atlantic 10,3,Lafayette,Patriot,1,1,0,09-24-2024,/game/6310388
final,Louisville,ACC,1,UAB,AAC,2,-1,0,09-24-2024,/game/6310389
final,Seton Hall,Big East,2,Lehigh,Patriot,0,1,0,09-24-2024,/game/6310390
final,Xavier,Big East,2,Evansville,MVC,0,1,0,09-24-2024,/game/6310391
final,Jacksonville,ASUN,0,Fla. Atlantic,AAC,0,0,0,09-24-2024,/game/6310392
postponed,Wofford,SoCon,1,USC Upstate,Big South,0,1,0,09-24-2024,/game/6310373
postponed,UNC Greensboro,SoCon,0,High Point,Big South,1,-1,0,09-24-2024,/game/6310378
final,Rhode Island,Atlantic 10,2,UAlbany,America East,1,1,0,09-24-2024,/game/6310393
final,Kansas City,Summit League,4,Tulsa,AAC,0,1,0,09-24-2024,/game/6310381
final,Loyola Chicago,Atlantic 10,1,DePaul,Big East,3,-1,0,09-24-2024,/game/6310383
final,NIU,MVC,0,Milwaukee,Horizon,2,-1,0,09-24-2024,/game/6310384
final,UCLA,Big Ten,5,Westmont,PacWest,1,1,0,09-24-2024,/game/6309597
final,Marshall,Sun Belt,1,VCU,Atlantic 10,0,1,0,09-25-2024,/game/6310399
final,SMU,ACC,1,FIU,AAC,1,0,0,09-25-2024,/game/6310394
final,Southern Ind.,OVC,1,Rose-Hulman,HCAC,0,1,0,09-25-2024,/game/6310395
final,Utah Valley,WAC,0,Oregon St.,WCC,1,-1,0,09-25-2024,/game/6310396
final,California Baptist,WAC,0,UC Riverside,Big West,0,0,0,09-25-2024,/game/6310397
final,Pacific,WCC,1,CSU Bakersfield,Big West,2,-1,0,09-25-2024,/game/6310398
postponed,Quinnipiac,MAAC,,FDU,NEC,,0,0,09-26-2024,/game/6310401
final,UNLV,WAC,2,Cal St. Fullerton,Big West,4,-1,0,09-26-2024,/game/6310400
final,Stony Brook,CAA,0,Northeastern,CAA,0,0,0,09-27-2024,/game/6310402
final,NC State,ACC,1,Duke,ACC,2,-1,0,09-27-2024,/game/6310405
final,Longwood,Big South,8,USC Upstate,Big South,2,1,0,09-27-2024,/game/6310412
final,Syracuse,ACC,1,Wake Forest,ACC,2,-1,0,09-27-2024,/game/6310414
final,Notre Dame,ACC,2,Clemson,ACC,1,1,0,09-27-2024,/game/6310415
final,West Virginia,Sun Belt,0,Kentucky,Sun Belt,0,0,0,09-27-2024,/game/6310409
final,Charlotte,The American,4,South Fla.,The American,1,1,0,09-27-2024,/game/6310408
final,Bowling Green,MVC,1,Belmont,MVC,0,1,0,09-27-2024,/game/6310407
final,Virginia,ACC,0,Stanford,ACC,1,-1,0,09-27-2024,/game/6310416
final,Northwestern,Big Ten,1,Maryland,Big Ten,2,-1,0,09-27-2024,/game/6309525
final,Portland,WCC,1,Sacramento St.,Big West,1,0,0,09-27-2024,/game/6310403
final,Ohio St.,Big Ten,2,Indiana,Big Ten,2,0,0,09-27-2024,/game/6309510
final,San Jose St.,WAC,2,UC Davis,Big West,2,0,0,09-27-2024,/game/6310413
final,Seattle U,WAC,4,CSUN,Big West,3,1,0,09-27-2024,/game/6310411
final,UCLA,Big Ten,0,Michigan St.,Big Ten,1,-1,0,09-27-2024,/game/6309598
final,Washington,Big Ten,0,Wisconsin,Big Ten,0,0,0,09-27-2024,/game/6309579
final,Delaware,CAA,3,Campbell,CAA,1,1,0,09-28-2024,/game/6310417
final,Western Mich.,MVC,1,Missouri St.,MVC,1,0,0,09-28-2024,/game/6310418
final,Robert Morris,Horizon,1,Milwaukee,Horizon,0,1,0,09-28-2024,/game/6310419
final,Sacred Heart,MAAC,3,Niagara,MAAC,1,1,0,09-28-2024,/game/6310420
final,Iona,MAAC,1,Rider,MAAC,0,1,0,09-28-2024,/game/6310421
final,Georgetown,Big East,0,Akron,Big East,1,-1,0,09-28-2024,/game/6310423
final,Mount St. Mary's,MAAC,2,Merrimack,MAAC,1,1,0,09-28-2024,/game/6310424
final,Davidson,Atlantic 10,1,La Salle,Atlantic 10,3,-1,0,09-28-2024,/game/6310425
final,Vermont,America East,1,New Hampshire,America East,1,0,0,09-28-2024,/game/6310426
final,Col. of Charleston,CAA,0,Monmouth,CAA,0,0,0,09-28-2024,/game/6310429
final,Manhattan,MAAC,3,Canisius,MAAC,0,1,0,09-28-2024,/game/6310431
final,Green Bay,Horizon,3,Cleveland St.,Horizon,2,1,0,09-28-2024,/game/6310427
final,St. Thomas (MN),Summit League,0,Kansas City,Summit League,3,-1,0,09-28-2024,/game/6310428
final,Hofstra,CAA,2,Elon,CAA,1,1,0,09-28-2024,/game/6310432
final,Army West Point,Patriot,1,Lafayette,Patriot,2,-1,0,09-28-2024,/game/6310433
final,Oakland,Horizon,0,IU Indy,Horizon,0,0,0,09-28-2024,/game/6310434
final,Navy,Patriot,2,Colgate,Patriot,2,0,0,09-28-2024,/game/6310435
final,Dartmouth,Ivy League,2,Brown,Ivy League,1,1,0,09-28-2024,/game/6310437
final,Rutgers,Big Ten,1,Michigan,Big Ten,1,0,0,09-28-2024,/game/6309555
final,Siena,MAAC,2,Saint Peter's,MAAC,0,1,0,09-28-2024,/game/6310438
final,Princeton,Ivy League,2,Harvard,Ivy League,0,1,0,09-28-2024,/game/6310439
final,Duquesne,Atlantic 10,2,Saint Joseph's,Atlantic 10,1,1,0,09-28-2024,/game/6310440
final,Yale,Ivy League,1,Cornell,Ivy League,0,1,0,09-28-2024,/game/6310441
final,Cal Poly,Big West,2,UC Santa Barbara,Big West,0,1,0,09-28-2024,/game/6310436
final,Queens (NC),ASUN,1,Central Ark.,ASUN,0,1,0,09-28-2024,/game/6310443
final,UMass Lowell,America East,2,UAlbany,America East,0,1,0,09-28-2024,/game/6310444
final,Lehigh,Patriot,3,Boston U.,Patriot,1,1,0,09-28-2024,/game/6310446
final,Binghamton,America East,0,UMBC,America East,2,-1,0,09-28-2024,/game/6310447
final,Virginia Tech,ACC,0,Pittsburgh,ACC,2,-1,0,09-28-2024,/game/6310410
final,High Point,Big South,3,Radford,Big South,1,1,0,09-28-2024,/game/6310449
final,Coastal Carolina,Sun Belt,1,South Carolina,Sun Belt,2,-1,0,09-28-2024,/game/6310450
final,Liberty,OVC,7,Western Ill.,OVC,1,1,0,09-28-2024,/game/6310451
final,George Mason,Atlantic 10,5,George Washington,Atlantic 10,2,1,0,09-28-2024,/game/6310453
final,American,Patriot,0,Bucknell,Patriot,1,-1,0,09-28-2024,/game/6310458
final,Providence,Big East,2,Creighton,Big East,2,0,0,09-28-2024,/game/6310459
final,Penn,Ivy League,1,Columbia,Ivy League,0,1,0,09-28-2024,/game/6310460
final,William & Mary,CAA,4,UNCW,CAA,0,1,0,09-28-2024,/game/6310461
final,North Carolina,ACC,2,California,ACC,1,1,0,09-28-2024,/game/6310462
final,Mercer,SoCon,3,Air Force,WAC,0,1,0,09-28-2024,/game/6310463
final,North Florida,ASUN,4,Jacksonville,ASUN,3,1,0,09-28-2024,/game/6310464
final,Stetson,ASUN,2,FGCU,ASUN,0,1,0,09-28-2024,/game/6310466
final,Detroit Mercy,Horizon,1,Northern Ky.,Horizon,1,0,0,09-28-2024,/game/6310467
final,Fordham,Atlantic 10,2,Massachusetts,Atlantic 10,3,-1,0,09-28-2024,/game/6310468
final,NJIT,America East,0,Bryant,America East,3,-1,0,09-28-2024,/game/6310469
final,Fairfield,MAAC,2,Marist,MAAC,1,1,0,09-28-2024,/game/6310473
final,UConn,Big East,0,Seton Hall,Big East,0,0,0,09-28-2024,/game/6310474
final,St. John's (NY),Big East,2,Villanova,Big East,1,1,0,09-28-2024,/game/6310475
final,Wright St.,Horizon,4,Purdue Fort Wayne,Horizon,0,1,0,09-28-2024,/game/6310478
final,Rhode Island,Atlantic 10,4,St. Bonaventure,Atlantic 10,3,1,0,09-28-2024,/game/6310480
final,DePaul,Big East,0,Xavier,Big East,0,0,0,09-28-2024,/game/6310448
final,Memphis,AAC,2,UAB,AAC,0,1,0,09-28-2024,/game/6310452
final,Oral Roberts,Summit League,1,Omaha,Summit League,0,1,0,09-28-2024,/game/6310455
final,Bradley,MVC,0,Evansville,MVC,2,-1,0,09-28-2024,/game/6310456
final,Marquette,Big East,2,Butler,Big East,0,1,0,09-28-2024,/game/6310465
final,Houston Christian,OVC,2,UIW,OVC,1,1,0,09-28-2024,/game/6310471
final,SIUE,OVC,2,Lindenwood,OVC,0,1,0,09-28-2024,/game/6310476
final,NIU,MVC,2,UIC,MVC,4,-1,0,09-28-2024,/game/6310477
final,Saint Louis,Atlantic 10,2,Loyola Chicago,Atlantic 10,1,1,0,09-28-2024,/game/6310481
final,UC Irvine,Big West,2,San Diego St.,WAC,0,1,0,09-28-2024,/game/6310442
final,LMU (CA),WCC,1,Gonzaga,WCC,0,1,0,09-28-2024,/game/6310454
final,Santa Clara,WCC,0,Oregon St.,WCC,2,-1,0,09-28-2024,/game/6310472
final,San Diego,WCC,4,Saint Mary's (CA),WCC,2,1,0,09-28-2024,/game/6310479
final,Le Moyne,NEC,2,FDU,NEC,2,0,0,09-29-2024,/game/6310482
final,Saint Francis,NEC,2,Stonehill,NEC,0,1,0,09-29-2024,/game/6310487
final,Fla. Atlantic,AAC,1,Temple,AAC,1,0,0,09-29-2024,/game/6310486
final,Holy Cross,Patriot,1,Loyola Maryland,Patriot,2,-1,0,09-29-2024,/game/6310485
final,Chicago St.,NEC,0,LIU,NEC,0,0,0,09-29-2024,/game/6310483
final,Howard,NEC,4,Central Conn. St.,NEC,1,1,0,09-29-2024,/game/6310488
final,Boston College,ACC,1,Louisville,ACC,1,0,0,09-29-2024,/game/6310489
final,San Francisco,WCC,2,Pacific,WCC,0,1,0,09-29-2024,/game/6310484
final,Marshall,Sun Belt,2,Old Dominion,Sun Belt,1,1,0,09-29-2024,/game/6310490
final,Southern Ind.,OVC,2,Eastern Ill.,OVC,1,1,0,09-29-2024,/game/6310422
final,Lipscomb,ASUN,2,Bellarmine,ASUN,0,1,0,09-29-2024,/game/6310445
final,UCF,Sun Belt,2,Georgia St.,Sun Belt,1,1,0,09-29-2024,/game/6310406
final,FIU,AAC,3,Tulsa,AAC,1,1,0,09-29-2024,/game/6310491
final,SMU,ACC,3,UTRGV,WAC,2,1,0,09-29-2024,/game/6310492
postponed,Winthrop,Big South,,Gardner-Webb,Big South,,0,0,09-30-2024,/game/6310430
final,Virginia,ACC,1,UNC Greensboro,SoCon,2,-1,0,10-01-2024,/game/6310493
final,Quinnipiac,MAAC,9,Farmingdale St.,Skyline,0,1,0,10-01-2024,/game/6348407
final,Robert Morris,Horizon,5,Canisius,MAAC,1,1,0,10-01-2024,/game/6310496
final,Notre Dame,ACC,7,Trine,Michigan Intercol. Ath. Assn.,1,1,0,10-01-2024,/game/6310497
final,Western Mich.,MVC,7,Olivet,Michigan Intercol. Ath. Assn.,0,1,0,10-01-2024,/game/6310498
final,Maryland,Big Ten,1,Penn St.,Big Ten,1,0,0,10-01-2024,/game/6309542
final,Bucknell,Patriot,0,West Virginia,Sun Belt,1,-1,0,10-01-2024,/game/6310503
final,New Hampshire,America East,1,Northeastern,CAA,1,0,0,10-01-2024,/game/6310504
final,Lehigh,Patriot,2,Marist,MAAC,1,1,0,10-01-2024,/game/6310505
final,Vermont,America East,2,Massachusetts,Atlantic 10,2,0,0,10-01-2024,/game/6310501
final,Virginia Tech,ACC,4,Queens (NC),ASUN,0,1,0,10-01-2024,/game/6310500
final,Army West Point,Patriot,2,Rider,MAAC,0,1,0,10-01-2024,/game/6310499
final,Stony Brook,CAA,6,St. Joseph's (L.I.),Skyline,0,1,0,10-01-2024,/game/6310508
final,UMBC,America East,0,Drexel,CAA,5,-1,0,10-01-2024,/game/6310494
final,Creighton,Big East,0,Missouri St.,MVC,1,-1,1,10-01-2024,/game/6310506
final,VCU,Atlantic 10,1,American,Patriot,1,0,1,10-01-2024,/game/6310520
final,UAlbany,America East,1,Syracuse,ACC,3,-1,0,10-01-2024,/game/6310519
final,Jacksonville,ASUN,2,Ga. Southern,Sun Belt,1,1,0,10-01-2024,/game/6310518
final,Cornell,Ivy League,5,Binghamton,America East,2,1,0,10-01-2024,/game/6310517
final,Longwood,Big South,1,Campbell,CAA,3,-1,0,10-01-2024,/game/6310516
final,Elon,CAA,0,High Point,Big South,1,-1,0,10-01-2024,/game/6310513
final,NJIT,America East,2,Delaware,CAA,2,0,0,10-01-2024,/game/6310512
final,Harvard,Ivy League,3,Merrimack,MAAC,1,1,0,10-01-2024,/game/6310510
final,Wake Forest,ACC,2,ETSU,SoCon,0,1,0,10-01-2024,/game/6310509
final,Milwaukee,Horizon,2,Drake,MVC,1,1,0,10-01-2024,/game/6310502
final,Rhode Island,Atlantic 10,0,Bryant,America East,0,0,0,10-01-2024,/game/6310521
final,Princeton,Ivy League,1,Monmouth,CAA,0,1,0,10-01-2024,/game/6310522
final,Belmont,MVC,0,Memphis,AAC,1,-1,0,10-01-2024,/game/6310507
final,Wisconsin,Big Ten,2,Indiana,Big Ten,3,-1,0,10-01-2024,/game/6309580
final,Saint Louis,Atlantic 10,0,Charlotte,AAC,0,0,0,10-01-2024,/game/6310514
final,Michigan St.,Big Ten,1,Northwestern,Big Ten,0,1,0,10-01-2024,/game/6309526
pre,Indiana,Big Ten,,Wisconsin,Big Ten,,0,0,10-01-2024,/game/6309609
final,CSU Bakersfield,Big West,3,Sacramento St.,Big West,0,1,0,10-02-2024,/game/6310523
final,UC Davis,Big West,0,Cal Poly,Big West,1,-1,0,10-02-2024,/game/6310524
final,Pittsburgh,ACC,8,Howard,NEC,1,1,0,10-02-2024,/game/6310529
final,FGCU,ASUN,6,Keiser,IND,1,1,0,10-02-2024,/game/6310531
final,Radford,Big South,1,VMI,SoCon,1,0,0,10-02-2024,/game/6310532
final,Yale,Ivy League,6,Albertus Magnus,Great Northeast,0,1,0,10-02-2024,/game/6310533
final,Denver,Summit League,3,Oral Roberts,Summit League,2,1,0,10-02-2024,/game/6310526
final,Omaha,Summit League,2,St. Thomas (MN),Summit League,1,1,0,10-02-2024,/game/6310528
final,UC Irvine,Big West,0,Cal St. Fullerton,Big West,2,-1,0,10-02-2024,/game/6310525
final,UC Santa Barbara,Big West,3,UC San Diego,Big West,1,1,0,10-02-2024,/game/6310527
final,CSUN,Big West,1,UC Riverside,Big West,1,0,0,10-02-2024,/game/6310530
final,Central Conn. St.,NEC,1,Mercyhurst,NEC,2,-1,0,10-03-2024,/game/6310535
final,Southern Ind.,OVC,0,Lindenwood,OVC,2,-1,0,10-03-2024,/game/6310534
final,California,ACC,3,Louisville,ACC,3,0,0,10-03-2024,/game/6310536
final,Utah Valley,WAC,1,Seattle U,WAC,2,-1,0,10-03-2024,/game/6310537
final,SIUE,OVC,3,Eastern Ill.,OVC,0,1,0,10-03-2024,/game/6310539
final,Air Force,WAC,0,San Jose St.,WAC,3,-1,0,10-03-2024,/game/6310538
final,Chicago St.,NEC,0,Le Moyne,NEC,4,-1,0,10-03-2024,/game/6310542
final,Houston Christian,OVC,3,Western Ill.,OVC,0,1,0,10-03-2024,/game/6310541
final,UIW,OVC,0,Liberty,OVC,2,-1,0,10-03-2024,/game/6310540
final,Utah Tech,WAC,1,California Baptist,WAC,2,-1,0,10-03-2024,/game/6310543
final,UNLV,WAC,0,San Diego St.,WAC,1,-1,0,10-03-2024,/game/6310544
final,Georgetown,Big East,3,Providence,Big East,0,1,0,10-04-2024,/game/6310546
final,Villanova,Big East,0,UConn,Big East,3,-1,0,10-04-2024,/game/6310547
final,VMI,SoCon,2,Regent,IND,0,1,0,10-04-2024,/game/6310548
final,IU Indy,Horizon,1,Detroit Mercy,Horizon,0,1,0,10-04-2024,/game/6310550
final,Winthrop,Big South,2,Longwood,Big South,1,1,0,10-04-2024,/game/6310545
final,Marshall,Sun Belt,2,James Madison,Sun Belt,2,0,0,10-04-2024,/game/6310556
final,Indiana,Big Ten,2,Washington,Big Ten,2,0,0,10-04-2024,/game/6309610
final,Michigan,Big Ten,3,Ohio St.,Big Ten,6,-1,0,10-04-2024,/game/6309511
final,Creighton,Big East,0,DePaul,Big East,2,-1,0,10-04-2024,/game/6310551
final,Virginia,ACC,2,Virginia Tech,ACC,1,1,0,10-04-2024,/game/6310557
final,Akron,Big East,1,Xavier,Big East,0,1,0,10-04-2024,/game/6310558
final,Butler,Big East,1,St. John's (NY),Big East,2,-1,0,10-04-2024,/game/6310560
final,Duke,ACC,2,SMU,ACC,2,0,0,10-04-2024,/game/6310562
final,Seton Hall,Big East,1,Marquette,Big East,0,1,0,10-04-2024,/game/6310563
final,Clemson,ACC,3,North Carolina,ACC,2,1,0,10-04-2024,/game/6310553
final,Coastal Carolina,Sun Belt,0,Ga. Southern,Sun Belt,5,-1,0,10-04-2024,/game/6310552
final,South Carolina,Sun Belt,0,Kentucky,Sun Belt,2,-1,0,10-04-2024,/game/6310559
final,Penn St.,Big Ten,2,UCLA,Big Ten,2,0,0,10-04-2024,/game/6309543
final,Wisconsin,Big Ten,1,Rutgers,Big Ten,3,-1,0,10-04-2024,/game/6309556
final,Tulsa,AAC,2,Fla. Atlantic,AAC,1,1,0,10-04-2024,/game/6310564
final,Gonzaga,WCC,1,San Diego,WCC,2,-1,0,10-04-2024,/game/6310549
final,Stanford,ACC,0,NC State,ACC,0,0,0,10-04-2024,/game/6310555
final,Portland,WCC,0,Santa Clara,WCC,0,0,0,10-04-2024,/game/6310561
final,Oregon St.,WCC,4,Pacific,WCC,1,1,0,10-04-2024,/game/6310554
final,Bryant,America East,1,New Hampshire,America East,2,-1,0,10-05-2024,/game/6310566
final,Manhattan,MAAC,1,Mount St. Mary's,MAAC,2,-1,0,10-05-2024,/game/6310567
final,Army West Point,Patriot,1,American,Patriot,2,-1,0,10-05-2024,/game/6310569
final,Harvard,Ivy League,0,Penn,Ivy League,1,-1,0,10-05-2024,/game/6310571
final,Canisius,MAAC,1,Saint Peter's,MAAC,1,0,0,10-05-2024,/game/6310573
final,Navy,Patriot,3,Loyola Maryland,Patriot,2,1,0,10-05-2024,/game/6310574
final,Drexel,CAA,5,Hofstra,CAA,4,1,0,10-05-2024,/game/6310576
final,Purdue Fort Wayne,Horizon,2,Robert Morris,Horizon,1,1,0,10-05-2024,/game/6310577
final,Campbell,CAA,6,Stony Brook,CAA,0,1,0,10-05-2024,/game/6310578
final,Massachusetts,Atlantic 10,4,Saint Joseph's,Atlantic 10,0,1,0,10-05-2024,/game/6310579
final,Wright St.,Horizon,1,Green Bay,Horizon,2,-1,0,10-05-2024,/game/6310580
final,Wofford,SoCon,3,Gardner-Webb,Big South,2,1,0,10-05-2024,/game/6348463
final,Drake,MVC,1,Western Mich.,MVC,1,0,0,10-05-2024,/game/6310570
final,Milwaukee,Horizon,4,Oakland,Horizon,1,1,0,10-05-2024,/game/6310575
final,Niagara,MAAC,3,Siena,MAAC,3,0,0,10-05-2024,/game/6310581
final,Iona,MAAC,1,Fairfield,MAAC,1,0,0,10-05-2024,/game/6310582
final,Radford,Big South,2,Presbyterian,Big South,3,-1,0,10-05-2024,/game/6310583
final,Denver,Summit League,5,St. Thomas (MN),Summit League,0,1,0,10-05-2024,/game/6310572
final,Loyola Chicago,Atlantic 10,0,Rhode Island,Atlantic 10,1,-1,1,10-05-2024,/game/6310584
final,Saint Mary's (CA),WCC,1,LMU (CA),WCC,1,0,0,10-05-2024,/game/6310568
final,Merrimack,MAAC,1,Rider,MAAC,2,-1,0,10-05-2024,/game/6310587
final,Cornell,Ivy League,3,Dartmouth,Ivy League,0,1,0,10-05-2024,/game/6310589
final,Boston U.,Patriot,1,Lafayette,Patriot,1,0,0,10-05-2024,/game/6310590
final,Omaha,Summit League,1,Kansas City,Summit League,1,0,0,10-05-2024,/game/6310588
final,Colgate,Patriot,1,Holy Cross,Patriot,0,1,0,10-05-2024,/game/6310591
final,UC Davis,Big West,0,UC Irvine,Big West,1,-1,0,10-05-2024,/game/6310585
final,St. Bonaventure,Atlantic 10,3,Davidson,Atlantic 10,1,1,0,10-05-2024,/game/6310594
final,Brown,Ivy League,1,Princeton,Ivy League,2,-1,0,10-05-2024,/game/6310595
final,UAlbany,America East,1,Vermont,America East,4,-1,0,10-05-2024,/game/6310596
final,La Salle,Atlantic 10,1,George Mason,Atlantic 10,2,-1,0,10-05-2024,/game/6310565
final,Sacramento St.,Big West,2,UC Riverside,Big West,1,1,0,10-05-2024,/game/6310586
final,Belmont,MVC,0,Bradley,MVC,1,-1,0,10-05-2024,/game/6310593
final,FIU,AAC,3,UAB,AAC,2,1,0,10-05-2024,/game/6310597
final,South Fla.,AAC,2,Temple,AAC,0,1,0,10-05-2024,/game/6310598
final,Wake Forest,ACC,2,Boston College,ACC,0,1,0,10-05-2024,/game/6310600
final,Monmouth,CAA,2,Delaware,CAA,0,1,0,10-05-2024,/game/6310601
final,UNCW,CAA,2,Col. of Charleston,CAA,1,1,0,10-05-2024,/game/6310604
final,UMBC,America East,1,UMass Lowell,America East,1,0,0,10-05-2024,/game/6310606
final,West Virginia,Sun Belt,2,UCF,Sun Belt,1,1,0,10-05-2024,/game/6310608
final,Northern Ky.,Horizon,2,Cleveland St.,Horizon,1,1,0,10-05-2024,/game/6310609
final,Mercer,SoCon,1,UNC Greensboro,SoCon,1,0,0,10-05-2024,/game/6310610
final,Old Dominion,Sun Belt,0,Georgia St.,Sun Belt,0,0,0,10-05-2024,/game/6310611
final,Sacred Heart,MAAC,1,Quinnipiac,MAAC,3,-1,0,10-05-2024,/game/6310612
final,NJIT,America East,2,Binghamton,America East,1,1,0,10-05-2024,/game/6310613
final,Dayton,Atlantic 10,7,George Washington,Atlantic 10,1,1,0,10-05-2024,/game/6310614
final,Elon,CAA,2,William & Mary,CAA,1,1,0,10-05-2024,/game/6310615
final,Bucknell,Patriot,2,Lehigh,Patriot,2,0,0,10-05-2024,/game/6310616
final,Bellarmine,ASUN,0,Queens (NC),ASUN,0,0,0,10-05-2024,/game/6310617
final,FGCU,ASUN,2,North Florida,ASUN,2,0,0,10-05-2024,/game/6310619
final,USC Upstate,Big South,1,High Point,Big South,4,-1,0,10-05-2024,/game/6310620
final,VCU,Atlantic 10,0,Fordham,Atlantic 10,1,-1,0,10-05-2024,/game/6310622
final,Columbia,Ivy League,1,Yale,Ivy League,0,1,0,10-05-2024,/game/6310623
final,Syracuse,ACC,2,Notre Dame,ACC,1,1,0,10-05-2024,/game/6310624
final,Jacksonville,ASUN,0,Stetson,ASUN,0,0,0,10-05-2024,/game/6310626
final,Maryland,Big Ten,2,Michigan St.,Big Ten,1,1,0,10-05-2024,/game/6309567
final,Memphis,AAC,1,Charlotte,AAC,0,1,0,10-05-2024,/game/6310599
final,UIC,MVC,2,Bowling Green,MVC,1,1,0,10-05-2024,/game/6310607
final,Saint Louis,Atlantic 10,3,Duquesne,Atlantic 10,0,1,0,10-05-2024,/game/6310618
final,SIUE,OVC,2,Southern Ind.,OVC,0,1,0,10-05-2024,/game/6310621
final,Central Ark.,ASUN,2,Lipscomb,ASUN,1,1,0,10-05-2024,/game/6310627
final,Utah Valley,WAC,2,San Jose St.,WAC,3,-1,0,10-05-2024,/game/6310602
final,Cal St. Fullerton,Big West,2,CSU Bakersfield,Big West,2,0,0,10-05-2024,/game/6310603
final,UC San Diego,Big West,1,CSUN,Big West,0,1,0,10-05-2024,/game/6310625
final,FDU,NEC,3,Central Conn. St.,NEC,0,1,0,10-06-2024,/game/6310628
final,Stonehill,NEC,3,Howard,NEC,3,0,0,10-06-2024,/game/6310631
final,Mercyhurst,NEC,4,Chicago St.,NEC,0,1,0,10-06-2024,/game/6310629
final,ETSU,SoCon,2,VMI,SoCon,0,1,0,10-06-2024,/game/6310633
final,UIW,OVC,2,Western Ill.,OVC,1,1,0,10-06-2024,/game/6310635
final,Air Force,WAC,0,Seattle U,WAC,2,-1,0,10-06-2024,/game/6310630
final,UTRGV,WAC,0,Grand Canyon,WAC,2,-1,0,10-06-2024,/game/6310634
final,LIU,NEC,1,Saint Francis,NEC,1,0,0,10-06-2024,/game/6310637
final,Utah Tech,WAC,0,San Diego St.,WAC,1,-1,0,10-06-2024,/game/6310632
final,Lindenwood,OVC,6,Eastern Ill.,OVC,0,1,0,10-06-2024,/game/6310636
final,Northwestern,Big Ten,4,Trine,Michigan Intercol. Ath. Assn.,0,1,0,10-06-2024,/game/6309527
final,UC Santa Barbara,Big West,0,Cal Poly,Big West,0,0,0,10-06-2024,/game/6310638
final,Missouri St.,MVC,7,NIU,MVC,0,1,0,10-06-2024,/game/6310640
final,Houston Christian,OVC,0,Liberty,OVC,1,-1,0,10-06-2024,/game/6310641
final,UNLV,WAC,2,California Baptist,WAC,2,0,0,10-06-2024,/game/6310639
final,Penn St.,Big Ten,2,Rutgers,Big Ten,1,1,0,10-07-2024,/game/6309544
final,Pittsburgh,ACC,2,Denver,Summit League,0,1,0,10-07-2024,/game/6310642
final,Ohio St.,Big Ten,2,Washington,Big Ten,0,1,0,10-07-2024,/game/6309512
final,DePaul,Big East,3,Oakland,Horizon,1,1,0,10-08-2024,/game/6310643
final,Villanova,Big East,3,Columbia,Ivy League,2,1,0,10-08-2024,/game/6310644
final,Vermont,America East,1,UConn,Big East,0,1,0,10-08-2024,/game/6310646
final,Binghamton,America East,1,Bucknell,Patriot,1,0,0,10-08-2024,/game/6310648
final,Stony Brook,CAA,2,Seton Hall,Big East,1,1,0,10-08-2024,/game/6310650
final,Indiana,Big Ten,3,Kentucky,Sun Belt,2,1,0,10-08-2024,/game/6309611
final,USC Upstate,Big South,1,Furman,SoCon,3,-1,0,10-08-2024,/game/6348447
final,Winthrop,Big South,0,Gardner-Webb,Big South,1,-1,0,10-08-2024,/game/6348671
final,IU Indy,Horizon,0,Butler,Big East,0,0,0,10-08-2024,/game/6310654
final,Wake Forest,ACC,0,Wofford,SoCon,0,0,0,10-08-2024,/game/6310653
final,Bowling Green,MVC,5,Detroit Mercy,Horizon,2,1,0,10-08-2024,/game/6310655
final,Providence,Big East,1,Syracuse,ACC,2,-1,0,10-08-2024,/game/6310656
final,Penn,Ivy League,3,Hofstra,CAA,1,1,0,10-08-2024,/game/6310657
final,UMBC,America East,0,Georgetown,Big East,0,0,0,10-08-2024,/game/6310658
final,North Carolina,ACC,3,Col. of Charleston,CAA,0,1,0,10-08-2024,/game/6310660
final,Virginia,ACC,1,James Madison,Sun Belt,0,1,0,10-08-2024,/game/6310661
final,Akron,Big East,6,Wright St.,Horizon,1,1,0,10-08-2024,/game/6310662
final,Elon,CAA,1,Duke,ACC,2,-1,0,10-08-2024,/game/6310664
final,Coastal Carolina,Sun Belt,1,Campbell,CAA,0,1,0,10-08-2024,/game/6310652
final,UNC Greensboro,SoCon,3,Radford,Big South,0,1,0,10-08-2024,/game/6310665
final,St. John's (NY),Big East,0,Loyola Maryland,Patriot,1,-1,0,10-08-2024,/game/6310666
final,Dartmouth,Ivy League,0,New Hampshire,America East,0,0,0,10-08-2024,/game/6310667
final,Louisville,ACC,4,Lipscomb,ASUN,2,1,0,10-08-2024,/game/6310668
final,Boston U.,Patriot,1,Harvard,Ivy League,1,0,0,10-08-2024,/game/6310669
final,Cleveland St.,Horizon,3,Xavier,Big East,1,1,0,10-08-2024,/game/6310670
final,Holy Cross,Patriot,1,Brown,Ivy League,2,-1,0,10-08-2024,/game/6310645
final,Notre Dame,ACC,0,Michigan,Big Ten,1,-1,0,10-08-2024,/game/6309589
final,Belmont,MVC,1,Covenant,CCS,0,1,0,10-08-2024,/game/6310649
final,Marquette,Big East,1,Milwaukee,Horizon,1,0,0,10-08-2024,/game/6310663
final,Tulsa,The American,1,Central Ark.,ASUN,1,0,0,10-08-2024,/game/6310671
final,George Washington,Atlantic 10,0,St. Bonaventure,Atlantic 10,0,0,0,10-09-2024,/game/6310672
final,Massachusetts,Atlantic 10,1,Dayton,Atlantic 10,1,0,0,10-09-2024,/game/6310674
final,St. Thomas (MN),Summit League,1,Green Bay,Horizon,3,-1,0,10-09-2024,/game/6310675
final,Saint Mary's (CA),WCC,0,Oregon St.,WCC,2,-1,0,10-09-2024,/game/6310673
final,George Mason,Atlantic 10,2,Loyola Chicago,Atlantic 10,1,1,0,10-09-2024,/game/6310677
final,Davidson,Atlantic 10,2,VCU,Atlantic 10,1,1,0,10-09-2024,/game/6310680
final,Fordham,Atlantic 10,2,Saint Louis,Atlantic 10,2,0,0,10-09-2024,/game/6310681
final,Duquesne,Atlantic 10,3,Rhode Island,Atlantic 10,0,1,0,10-09-2024,/game/6310684
final,Saint Joseph's,Atlantic 10,0,La Salle,Atlantic 10,3,-1,0,10-09-2024,/game/6310685
final,Omaha,Summit League,1,Creighton,Big East,2,-1,0,10-09-2024,/game/6310683
final,Gonzaga,WCC,2,San Francisco,WCC,3,-1,0,10-09-2024,/game/6310676
final,Cal St. Fullerton,Big West,4,UC San Diego,Big West,1,1,0,10-09-2024,/game/6310678
final,CSU Bakersfield,Big West,1,UC Santa Barbara,Big West,1,0,0,10-09-2024,/game/6310679
final,Cal Poly,Big West,3,Sacramento St.,Big West,1,1,0,10-09-2024,/game/6310682
final,CSUN,Big West,2,UC Davis,Big West,2,0,0,10-09-2024,/game/6310686
final,Pacific,WCC,2,Portland,WCC,2,0,0,10-09-2024,/game/6310687
final,UC Riverside,Big West,1,UC Irvine,Big West,0,1,0,10-09-2024,/game/6310688
final,Eastern Ill.,OVC,1,UIW,OVC,4,-1,0,10-10-2024,/game/6310690
final,Mercyhurst,NEC,3,Saint Francis,NEC,0,1,0,10-10-2024,/game/6310691
final,Western Ill.,OVC,1,Liberty,OVC,0,1,0,10-10-2024,/game/6310689
final,UTRGV,WAC,1,Utah Valley,WAC,1,0,0,10-10-2024,/game/6310693
final,Southern Ind.,OVC,0,Houston Christian,OVC,2,-1,0,10-10-2024,/game/6310694
final,Lindenwood,OVC,0,SIUE,OVC,2,-1,0,10-10-2024,/game/6310696
final,Grand Canyon,WAC,1,Air Force,WAC,2,-1,0,10-10-2024,/game/6310692
final,Seattle U,WAC,1,UNLV,WAC,1,0,0,10-10-2024,/game/6310695
final,San Jose St.,WAC,0,Utah Tech,WAC,0,0,0,10-10-2024,/game/6310697
final,Marist,MAAC,4,Canisius,MAAC,1,1,0,10-11-2024,/game/6310698
final,SMU,ACC,2,Stanford,ACC,2,0,0,10-11-2024,/game/6310704
final,Lehigh,Patriot,3,American,Patriot,1,1,0,10-11-2024,/game/6310700
final,Virginia Tech,ACC,0,NC State,ACC,0,0,0,10-11-2024,/game/6310699
final,Rutgers,Big Ten,1,Northwestern,Big Ten,2,-1,0,10-11-2024,/game/6309528
final,Indiana,Big Ten,2,Penn St.,Big Ten,0,1,0,10-11-2024,/game/6309545
final,Michigan St.,Big Ten,2,Wisconsin,Big Ten,0,1,0,10-11-2024,/game/6309568
final,Central Ark.,ASUN,1,Jacksonville,ASUN,2,-1,0,10-11-2024,/game/6310701
final,High Point,Big South,5,Longwood,Big South,0,1,0,10-11-2024,/game/6310703
final,Ga. Southern,Sun Belt,2,West Virginia,Sun Belt,4,-1,0,10-11-2024,/game/6310705
final,Georgia St.,Sun Belt,0,South Carolina,Sun Belt,2,-1,0,10-11-2024,/game/6310706
final,Boston College,ACC,0,Virginia,ACC,1,-1,0,10-11-2024,/game/6310707
final,Kentucky,Sun Belt,1,Old Dominion,Sun Belt,0,1,0,10-11-2024,/game/6310708
final,Fla. Atlantic,AAC,3,South Fla.,AAC,1,1,0,10-11-2024,/game/6310709
final,Pittsburgh,ACC,0,California,ACC,1,-1,0,10-11-2024,/game/6310710
final,Delaware,CAA,3,UNCW,CAA,1,1,0,10-11-2024,/game/6310711
final,Notre Dame,ACC,1,North Carolina,ACC,1,0,0,10-11-2024,/game/6310712
final,Navy,Patriot,1,Army West Point,Patriot,2,-1,0,10-11-2024,/game/6310713
final,Louisville,ACC,2,Clemson,ACC,3,-1,0,10-11-2024,/game/6310714
final,UCLA,Big Ten,2,Ohio St.,Big Ten,1,1,0,10-11-2024,/game/6309513
final,Washington,Big Ten,2,Maryland,Big Ten,3,-1,0,10-11-2024,/game/6311286
final,Robert Morris,Horizon,3,Wright St.,Horizon,1,1,0,10-12-2024,/game/6310715
final,Stony Brook,CAA,1,Drexel,CAA,2,-1,0,10-12-2024,/game/6310717
final,Loyola Maryland,Patriot,2,Colgate,Patriot,1,1,0,10-12-2024,/game/6310718
final,UMass Lowell,America East,1,Bryant,America East,2,-1,0,10-12-2024,/game/6310723
final,George Washington,Atlantic 10,2,Saint Joseph's,Atlantic 10,0,1,0,10-12-2024,/game/6310724
final,Stonehill,NEC,0,Le Moyne,NEC,2,-1,0,10-12-2024,/game/6310725
final,Col. of Charleston,CAA,1,Northeastern,CAA,1,0,0,10-12-2024,/game/6310726
final,Boston U.,Patriot,1,Bucknell,Patriot,0,1,0,10-12-2024,/game/6310727
final,VMI,SoCon,0,Mercer,SoCon,3,-1,0,10-12-2024,/game/6310728
final,Marquette,Big East,0,Providence,Big East,1,-1,0,10-12-2024,/game/6310719
final,Green Bay,Horizon,0,Northern Ky.,Horizon,0,0,0,10-12-2024,/game/6310721
final,St. Thomas (MN),Summit League,0,Oral Roberts,Summit League,2,-1,0,10-12-2024,/game/6310722
final,Hofstra,CAA,1,Campbell,CAA,0,1,0,10-12-2024,/game/6310730
final,Saint Peter's,MAAC,1,Manhattan,MAAC,1,0,0,10-12-2024,/game/6310731
final,Temple,AAC,0,Memphis,AAC,0,0,0,10-12-2024,/game/6310732
final,Niagara,MAAC,1,Iona,MAAC,5,-1,0,10-12-2024,/game/6310733
final,Detroit Mercy,Horizon,2,Milwaukee,Horizon,1,1,0,10-12-2024,/game/6310734
final,Oakland,Horizon,1,Purdue Fort Wayne,Horizon,0,1,0,10-12-2024,/game/6310735
final,Seton Hall,Big East,2,Butler,Big East,1,1,0,10-12-2024,/game/6310736
final,USC Upstate,Big South,3,Radford,Big South,2,1,0,10-12-2024,/game/6310737
final,UC Davis,Big West,2,Cal St. Fullerton,Big West,1,1,0,10-12-2024,/game/6310716
final,NIU,MVC,1,Western Mich.,MVC,2,-1,0,10-12-2024,/game/6310738
final,Mount St. Mary's,MAAC,2,Sacred Heart,MAAC,2,0,0,10-12-2024,/game/6310740
final,Merrimack,MAAC,0,Siena,MAAC,3,-1,0,10-12-2024,/game/6310741
final,Dartmouth,Ivy League,2,Columbia,Ivy League,2,0,0,10-12-2024,/game/6310742
final,La Salle,Atlantic 10,0,St. Bonaventure,Atlantic 10,1,-1,0,10-12-2024,/game/6310743
final,Rider,MAAC,2,Quinnipiac,MAAC,0,1,0,10-12-2024,/game/6310744
final,Princeton,Ivy League,0,Cornell,Ivy League,1,-1,0,10-12-2024,/game/6310745
final,Penn,Ivy League,2,Brown,Ivy League,0,1,0,10-12-2024,/game/6310746
final,William & Mary,CAA,0,Monmouth,CAA,1,-1,0,10-12-2024,/game/6310748
final,Queens (NC),ASUN,1,Stetson,ASUN,2,-1,0,10-12-2024,/game/6310749
final,New Hampshire,America East,1,Binghamton,America East,2,-1,0,10-12-2024,/game/6310750
final,Yale,Ivy League,0,Harvard,Ivy League,1,-1,0,10-12-2024,/game/6310751
final,Lafayette,Patriot,2,Holy Cross,Patriot,0,1,0,10-12-2024,/game/6310752
final,LMU (CA),WCC,1,Pacific,WCC,0,1,0,10-12-2024,/game/6310739
final,Belmont,MVC,1,Missouri St.,MVC,2,-1,0,10-12-2024,/game/6310747
final,George Mason,Atlantic 10,1,Duquesne,Atlantic 10,2,-1,0,10-12-2024,/game/6310754
final,Bowling Green,MVC,0,Drake,MVC,0,0,0,10-12-2024,/game/6310756
final,James Madison,Sun Belt,0,Coastal Carolina,Sun Belt,0,0,0,10-12-2024,/game/6310757
final,UMBC,America East,2,UAlbany,America East,3,-1,0,10-12-2024,/game/6310758
final,Charlotte,AAC,0,FIU,AAC,0,0,0,10-12-2024,/game/6310759
final,Akron,Big East,3,Villanova,Big East,2,1,0,10-12-2024,/game/6310760
final,Wofford,SoCon,0,ETSU,SoCon,2,-1,0,10-12-2024,/game/6310761
final,Davidson,Atlantic 10,4,Massachusetts,Atlantic 10,2,1,0,10-12-2024,/game/6310762
final,Dayton,Atlantic 10,2,Fordham,Atlantic 10,4,-1,0,10-12-2024,/game/6310764
final,UNC Greensboro,SoCon,1,Furman,SoCon,0,1,0,10-12-2024,/game/6310769
final,UConn,Big East,0,Georgetown,Big East,1,-1,0,10-12-2024,/game/6310772
final,St. John's (NY),Big East,4,DePaul,Big East,1,1,0,10-12-2024,/game/6310773
final,VCU,Atlantic 10,1,Loyola Chicago,Atlantic 10,2,-1,0,10-12-2024,/game/6310774
final,Duke,ACC,0,Wake Forest,ACC,0,0,0,10-12-2024,/game/6310775
final,Xavier,Big East,0,Creighton,Big East,1,-1,0,10-12-2024,/game/6310776
final,Cleveland St.,Horizon,2,IU Indy,Horizon,1,1,0,10-12-2024,/game/6310778
final,Rhode Island,Atlantic 10,0,Saint Louis,Atlantic 10,1,-1,0,10-12-2024,/game/6310779
final,Winthrop,Big South,2,UNC Asheville,Big South,0,1,0,10-12-2024,/game/6310729
final,Gardner-Webb,Big South,2,Presbyterian,Big South,2,0,0,10-12-2024,/game/6310781
final,Evansville,MVC,3,UIC,MVC,1,1,0,10-12-2024,/game/6310765
final,UAB,AAC,1,Tulsa,AAC,1,0,0,10-12-2024,/game/6310766
final,Lipscomb,ASUN,1,North Florida,ASUN,2,-1,0,10-12-2024,/game/6310770
final,Kansas City,Summit League,1,Denver,Summit League,0,1,0,10-12-2024,/game/6310771
final,UC Irvine,Big West,0,UC Santa Barbara,Big West,1,-1,0,10-12-2024,/game/6310753
final,CSU Bakersfield,Big West,2,CSUN,Big West,1,1,0,10-12-2024,/game/6310755
final,Cal Poly,Big West,0,UC Riverside,Big West,0,0,0,10-12-2024,/game/6310763
final,Santa Clara,WCC,0,Saint Mary's (CA),WCC,0,0,0,10-12-2024,/game/6310768
final,UC San Diego,Big West,2,Sacramento St.,Big West,0,1,0,10-12-2024,/game/6310777
final,California Baptist,WAC,1,San Diego St.,WAC,2,-1,0,10-12-2024,/game/6310780
final,Southern Ind.,OVC,0,UIW,OVC,0,0,0,10-13-2024,/game/6310782
final,LIU,NEC,2,FDU,NEC,1,1,0,10-13-2024,/game/6310787
final,UTRGV,WAC,5,Air Force,WAC,1,1,0,10-13-2024,/game/6310784
final,SIUE,OVC,3,Liberty,OVC,1,1,0,10-13-2024,/game/6310783
final,Vermont,America East,2,NJIT,America East,0,1,0,10-13-2024,/game/6310720
final,Central Conn. St.,NEC,2,Chicago St.,NEC,4,-1,0,10-13-2024,/game/6310789
final,Saint Francis,NEC,3,Howard,NEC,0,1,0,10-13-2024,/game/6310790
final,Eastern Ill.,OVC,0,Houston Christian,OVC,3,-1,0,10-13-2024,/game/6310791
final,Seattle U,WAC,1,Utah Tech,WAC,0,1,0,10-13-2024,/game/6310785
final,San Francisco,WCC,1,Portland,WCC,1,0,0,10-13-2024,/game/6310786
final,Lindenwood,OVC,1,Western Ill.,OVC,0,1,0,10-13-2024,/game/6310792
final,San Jose St.,WAC,0,UNLV,WAC,0,0,0,10-13-2024,/game/6310788
final,UCF,Sun Belt,0,Marshall,Sun Belt,2,-1,0,10-13-2024,/game/6310702
final,Grand Canyon,WAC,1,Utah Valley,WAC,0,1,0,10-13-2024,/game/6310793
final,Boston College,ACC,5,Suffolk,CNE,1,1,0,10-14-2024,/game/6310794
final,Pittsburgh,ACC,0,High Point,Big South,1,-1,0,10-14-2024,/game/6310795
final,La Salle,Atlantic 10,6,Neumann,Atlantic East,0,1,0,10-14-2024,/game/6310796
final,Western Mich.,MVC,2,Green Bay,Horizon,0,1,0,10-15-2024,/game/6310831
final,Massachusetts,Atlantic 10,1,Holy Cross,Patriot,0,1,0,10-15-2024,/game/6310799
final,Bellarmine,ASUN,1,IU Indy,Horizon,0,1,0,10-15-2024,/game/6310798
final,Le Moyne,NEC,1,Lafayette,Patriot,2,-1,0,10-15-2024,/game/6310797
final,Colgate,Patriot,1,Cornell,Ivy League,4,-1,0,10-15-2024,/game/6310800
final,NC State,ACC,1,Hofstra,CAA,1,0,0,10-15-2024,/game/6310801
final,Temple,AAC,2,Mercyhurst,NEC,0,1,0,10-15-2024,/game/6310802
final,William & Mary,CAA,2,North Carolina,ACC,5,-1,0,10-15-2024,/game/6310807
final,St. Bonaventure,Atlantic 10,4,Bucknell,Patriot,1,1,0,10-15-2024,/game/6310806
final,UNCW,CAA,1,Wake Forest,ACC,4,-1,0,10-15-2024,/game/6310805
final,ETSU,SoCon,3,Gardner-Webb,Big South,1,1,0,10-15-2024,/game/6310808
final,New Hampshire,America East,1,Yale,Ivy League,0,1,0,10-15-2024,/game/6310809
final,Lehigh,Patriot,0,Fairfield,MAAC,0,0,0,10-15-2024,/game/6310810
final,Northeastern,CAA,4,Dartmouth,Ivy League,2,1,0,10-15-2024,/game/6310804
final,Michigan,Big Ten,0,Indiana,Big Ten,5,-1,0,10-15-2024,/game/6309590
final,Virginia,ACC,4,American,Patriot,2,1,0,10-15-2024,/game/6310815
final,UConn,Big East,0,Bryant,America East,0,0,0,10-15-2024,/game/6310825
final,Virginia Tech,ACC,6,Winthrop,Big South,0,1,0,10-15-2024,/game/6310816
final,Wofford,SoCon,0,Longwood,Big South,1,-1,0,10-15-2024,/game/6310818
final,Kentucky,Sun Belt,2,Bradley,MVC,2,0,0,10-15-2024,/game/6310819
final,Dayton,Atlantic 10,5,West Virginia,Sun Belt,1,1,0,10-15-2024,/game/6310820
final,UNC Greensboro,SoCon,4,Elon,CAA,1,1,0,10-15-2024,/game/6310821
final,Delaware,CAA,4,George Washington,Atlantic 10,1,1,0,10-15-2024,/game/6310822
final,Saint Joseph's,Atlantic 10,2,Mount St. Mary's,MAAC,0,1,0,10-15-2024,/game/6310823
final,FGCU,ASUN,0,Fla. Atlantic,AAC,3,-1,0,10-15-2024,/game/6310824
final,Ga. Southern,Sun Belt,1,James Madison,Sun Belt,3,-1,0,10-15-2024,/game/6310457
final,Princeton,Ivy League,0,Army West Point,Patriot,1,-1,0,10-15-2024,/game/6310827
final,Clemson,ACC,4,Queens (NC),ASUN,2,1,0,10-15-2024,/game/6310814
final,Monmouth,CAA,1,Penn,Ivy League,0,1,0,10-15-2024,/game/6310813
final,Georgia St.,Sun Belt,1,Mercer,SoCon,1,0,0,10-15-2024,/game/6310659
final,Memphis,AAC,1,Missouri St.,MVC,3,-1,0,10-15-2024,/game/6310803
final,Presbyterian,Big South,0,Furman,SoCon,2,-1,0,10-15-2024,/game/6310812
final,Maryland,Big Ten,2,George Mason,Atlantic 10,0,1,0,10-15-2024,/game/6311287
final,SMU,ACC,1,Central Ark.,ASUN,0,1,0,10-15-2024,/game/6310811
final,Northwestern,Big Ten,0,Wisconsin,Big Ten,0,0,0,10-15-2024,/game/6309529
final,VMI,SoCon,10,Mary Baldwin,USA South,0,1,0,10-16-2024,/game/6310830
final,Western Ill.,OVC,2,Southern Ind.,OVC,0,1,0,10-16-2024,/game/6310829
final,Sacramento St.,Big West,5,CSUN,Big West,0,1,0,10-16-2024,/game/6310828
final,Col. of Charleston,CAA,2,North Florida,ASUN,1,1,0,10-16-2024,/game/6310834
final,VCU,Atlantic 10,1,FIU,AAC,1,0,0,10-16-2024,/game/6310838
final,Duke,ACC,10,Howard,NEC,0,1,0,10-16-2024,/game/6310839
final,Louisville,ACC,2,Evansville,MVC,2,0,0,10-16-2024,/game/6310840
final,Denver,Summit League,2,Omaha,Summit League,0,1,0,10-16-2024,/game/6310833
final,Oral Roberts,Summit League,1,Kansas City,Summit League,2,-1,0,10-16-2024,/game/6310836
final,UC Irvine,Big West,1,CSU Bakersfield,Big West,0,1,0,10-16-2024,/game/6310832
final,UC Santa Barbara,Big West,3,UC Davis,Big West,1,1,0,10-16-2024,/game/6310835
final,UC Riverside,Big West,3,Cal St. Fullerton,Big West,3,0,0,10-16-2024,/game/6310837
final,UC San Diego,Big West,1,Cal Poly,Big West,0,1,0,10-16-2024,/game/6310841
final,FDU,NEC,1,Stonehill,NEC,3,-1,0,10-17-2024,/game/6310843
final,San Diego St.,WAC,2,Seattle U,WAC,1,1,0,10-17-2024,/game/6310842
final,Liberty,OVC,2,Eastern Ill.,OVC,0,1,0,10-17-2024,/game/6310844
final,Houston Christian,OVC,1,Lindenwood,OVC,1,0,0,10-17-2024,/game/6310847
final,UIW,OVC,0,SIUE,OVC,0,0,0,10-17-2024,/game/6310845
final,Utah Tech,WAC,1,Grand Canyon,WAC,0,1,0,10-17-2024,/game/6310846
final,San Diego,WCC,2,Santa Clara,WCC,1,1,0,10-17-2024,/game/6310850
final,California Baptist,WAC,3,San Jose St.,WAC,0,1,0,10-17-2024,/game/6310848
final,San Francisco,WCC,2,Stanford,ACC,0,1,0,10-17-2024,/game/6310849
final,UNLV,WAC,2,UTRGV,WAC,0,1,0,10-17-2024,/game/6310851
final,Rutgers,Big Ten,0,UCLA,Big Ten,3,-1,0,10-18-2024,/game/6309557
final,Indiana,Big Ten,3,Michigan St.,Big Ten,1,1,0,10-18-2024,/game/6309569
final,UCF,Sun Belt,2,Old Dominion,Sun Belt,0,1,0,10-18-2024,/game/6310852
final,South Fla.,AAC,1,Memphis,AAC,0,1,0,10-18-2024,/game/6310853
final,Winthrop,Big South,0,High Point,Big South,3,-1,0,10-18-2024,/game/6310857
final,Ga. Southern,Sun Belt,1,Georgia St.,Sun Belt,1,0,0,10-18-2024,/game/6310859
final,UIC,MVC,0,Belmont,MVC,1,-1,0,10-18-2024,/game/6310854
final,Tulsa,AAC,0,Charlotte,AAC,1,-1,0,10-18-2024,/game/6310858
final,Coastal Carolina,Sun Belt,0,Marshall,Sun Belt,0,0,0,10-18-2024,/game/6310860
final,Northwestern,Big Ten,1,Michigan,Big Ten,0,1,0,10-18-2024,/game/6309530
final,Portland,WCC,2,California,ACC,0,1,0,10-18-2024,/game/6310856
final,Oregon St.,WCC,4,Gonzaga,WCC,2,1,0,10-18-2024,/game/6310855
final,Washington,Big Ten,3,Penn St.,Big Ten,1,1,0,10-18-2024,/game/6309546
final,St. Bonaventure,Atlantic 10,1,Dayton,Atlantic 10,2,-1,0,10-19-2024,/game/6310862
final,Providence,Big East,1,St. John's (NY),Big East,1,0,0,10-19-2024,/game/6310863
final,Brown,Ivy League,3,Harvard,Ivy League,1,1,0,10-19-2024,/game/6310864
final,West Virginia,Sun Belt,1,South Carolina,Sun Belt,0,1,0,10-19-2024,/game/6310861
final,Georgetown,Big East,2,Seton Hall,Big East,0,1,0,10-19-2024,/game/6310865
final,Northeastern,CAA,6,Delaware,CAA,0,1,0,10-19-2024,/game/6310866
final,Loyola Maryland,Patriot,4,Lehigh,Patriot,1,1,0,10-19-2024,/game/6310868
final,Drexel,CAA,1,William & Mary,CAA,1,0,0,10-19-2024,/game/6310869
final,Bradley,MVC,1,Drake,MVC,2,-1,0,10-19-2024,/game/6310867
final,IU Indy,Horizon,2,Northern Ky.,Horizon,1,1,0,10-19-2024,/game/6310870
final,UNCW,CAA,4,Stony Brook,CAA,0,1,0,10-19-2024,/game/6310871
final,Saint Peter's,MAAC,1,Merrimack,MAAC,2,-1,0,10-19-2024,/game/6310872
final,DePaul,Big East,0,Akron,Big East,4,-1,0,10-19-2024,/game/6310873
final,Canisius,MAAC,1,Sacred Heart,MAAC,2,-1,0,10-19-2024,/game/6310876
final,Colgate,Patriot,0,Boston U.,Patriot,1,-1,0,10-19-2024,/game/6310877
final,NJIT,America East,2,UAlbany,America East,1,1,0,10-19-2024,/game/6310878
final,Radford,Big South,0,UNC Asheville,Big South,0,0,0,10-19-2024,/game/6310879
final,Siena,MAAC,2,Iona,MAAC,1,1,0,10-19-2024,/game/6310880
final,Quinnipiac,MAAC,0,Marist,MAAC,2,-1,0,10-19-2024,/game/6310882
final,Wright St.,Horizon,1,Oakland,Horizon,2,-1,0,10-19-2024,/game/6310883
final,Creighton,Big East,3,Villanova,Big East,1,1,0,10-19-2024,/game/6310875
final,Loyola Chicago,Atlantic 10,2,La Salle,Atlantic 10,1,1,0,10-19-2024,/game/6310881
final,Mount St. Mary's,MAAC,1,Niagara,MAAC,0,1,0,10-19-2024,/game/6310884
final,Columbia,Ivy League,1,Princeton,Ivy League,2,-1,0,10-19-2024,/game/6310885
final,Vermont,America East,1,Bryant,America East,0,1,0,10-19-2024,/game/6310887
final,Saint Joseph's,Atlantic 10,1,George Mason,Atlantic 10,4,-1,0,10-19-2024,/game/6310888
final,Sacramento St.,Big West,3,UC Santa Barbara,Big West,1,1,0,10-19-2024,/game/6310874
final,NC State,ACC,5,SMU,ACC,1,1,0,10-19-2024,/game/6310889
final,North Carolina,ACC,1,Pittsburgh,ACC,2,-1,0,10-19-2024,/game/6310890
final,Fordham,Atlantic 10,3,George Washington,Atlantic 10,1,1,0,10-19-2024,/game/6310891
final,Jacksonville,ASUN,0,Queens (NC),ASUN,0,0,0,10-19-2024,/game/6310892
final,Binghamton,America East,1,UMass Lowell,America East,0,1,0,10-19-2024,/game/6310893
final,Presbyterian,Big South,1,USC Upstate,Big South,2,-1,0,10-19-2024,/game/6310894
final,Wake Forest,ACC,2,Virginia Tech,ACC,1,1,0,10-19-2024,/game/6310895
final,Monmouth,CAA,1,Elon,CAA,0,1,0,10-19-2024,/game/6310896
final,American,Patriot,1,Lafayette,Patriot,0,1,0,10-19-2024,/game/6310899
final,Furman,SoCon,4,VMI,SoCon,1,1,0,10-19-2024,/game/6310900
final,James Madison,Sun Belt,2,Kentucky,Sun Belt,0,1,0,10-19-2024,/game/6310901
final,Virginia,ACC,3,Syracuse,ACC,0,1,0,10-19-2024,/game/6310902
final,Mercer,SoCon,0,ETSU,SoCon,1,-1,0,10-19-2024,/game/6310903
final,Wofford,SoCon,3,UNC Greensboro,SoCon,2,1,0,10-19-2024,/game/6310904
final,North Florida,ASUN,3,Bellarmine,ASUN,0,1,0,10-19-2024,/game/6310905
final,Stetson,ASUN,1,Central Ark.,ASUN,1,0,0,10-19-2024,/game/6310906
final,Butler,Big East,0,UConn,Big East,1,-1,0,10-19-2024,/game/6310907
final,Duquesne,Atlantic 10,1,Davidson,Atlantic 10,0,1,0,10-19-2024,/game/6310912
final,Fairfield,MAAC,0,Rider,MAAC,1,-1,0,10-19-2024,/game/6310913
final,Purdue Fort Wayne,Horizon,1,Detroit Mercy,Horizon,1,0,0,10-19-2024,/game/6310915
final,FGCU,ASUN,2,Lipscomb,ASUN,0,1,0,10-19-2024,/game/6310916
final,New Hampshire,America East,2,UMBC,America East,1,1,0,10-19-2024,/game/6310918
final,Campbell,CAA,0,Col. of Charleston,CAA,2,-1,0,10-19-2024,/game/6310919
final,Dartmouth,Ivy League,4,Yale,Ivy League,0,1,0,10-19-2024,/game/6310921
final,Notre Dame,ACC,1,Boston College,ACC,1,0,0,10-19-2024,/game/6310923
final,Xavier,Big East,0,Marquette,Big East,0,0,0,10-19-2024,/game/6310924
final,Rhode Island,Atlantic 10,1,Massachusetts,Atlantic 10,2,-1,0,10-19-2024,/game/6310925
final,Longwood,Big South,1,Gardner-Webb,Big South,2,-1,0,10-19-2024,/game/6310926
final,Wisconsin,Big Ten,2,Ohio St.,Big Ten,3,-1,0,10-19-2024,/game/6309514
final,Milwaukee,Horizon,1,Cleveland St.,Horizon,0,1,0,10-19-2024,/game/6310908
final,Omaha,Summit League,0,Oral Roberts,Summit League,1,-1,0,10-19-2024,/game/6310909
final,UAB,AAC,0,Temple,AAC,1,-1,0,10-19-2024,/game/6310910
final,Saint Louis,Atlantic 10,1,VCU,Atlantic 10,1,0,0,10-19-2024,/game/6310911
final,Kansas City,Summit League,1,St. Thomas (MN),Summit League,2,-1,0,10-19-2024,/game/6310920
final,NIU,MVC,1,Evansville,MVC,2,-1,0,10-19-2024,/game/6310922
final,Cal St. Fullerton,Big West,0,Cal Poly,Big West,1,-1,0,10-19-2024,/game/6310897
final,CSU Bakersfield,Big West,3,UC San Diego,Big West,1,1,0,10-19-2024,/game/6310898
final,CSUN,Big West,0,UC Irvine,Big West,1,-1,0,10-19-2024,/game/6310914
final,UC Riverside,Big West,1,UC Davis,Big West,1,0,0,10-19-2024,/game/6310917
final,Saint Francis,NEC,3,Chicago St.,NEC,1,1,0,10-20-2024,/game/6310927
final,Cornell,Ivy League,2,Penn,Ivy League,3,-1,0,10-20-2024,/game/6310886
final,Stonehill,NEC,3,Mercyhurst,NEC,3,0,0,10-20-2024,/game/6310937
final,Le Moyne,NEC,4,Central Conn. St.,NEC,0,1,0,10-20-2024,/game/6310933
final,Robert Morris,Horizon,5,Green Bay,Horizon,0,1,0,10-20-2024,/game/6310932
final,Holy Cross,Patriot,3,Navy,Patriot,0,1,0,10-20-2024,/game/6310931
final,Army West Point,Patriot,0,Bucknell,Patriot,1,-1,0,10-20-2024,/game/6310929
final,Liberty,OVC,5,Southern Ind.,OVC,0,1,0,10-20-2024,/game/6310928
final,Houston Christian,OVC,1,SIUE,OVC,0,1,0,10-20-2024,/game/6310935
final,UIW,OVC,2,Lindenwood,OVC,2,0,0,10-20-2024,/game/6310930
final,Howard,NEC,4,LIU,NEC,1,1,0,10-20-2024,/game/6310940
final,Air Force,WAC,0,Utah Valley,WAC,2,-1,0,10-20-2024,/game/6310934
final,Western Ill.,OVC,1,Eastern Ill.,OVC,2,-1,0,10-20-2024,/game/6310938
final,Utah Tech,WAC,1,UTRGV,WAC,1,0,0,10-20-2024,/game/6310939
final,San Diego St.,WAC,1,San Jose St.,WAC,0,1,0,10-20-2024,/game/6310941
final,FIU,The American,1,Fla. Atlantic,The American,2,-1,0,10-20-2024,/game/6310943
final,California Baptist,WAC,0,Seattle U,WAC,1,-1,0,10-20-2024,/game/6310942
final,Missouri St.,MVC,2,Bowling Green,MVC,1,1,0,10-20-2024,/game/6310944
final,UNLV,WAC,0,Grand Canyon,WAC,0,0,0,10-20-2024,/game/6310945
final,Maryland,Big Ten,1,UCLA,Big Ten,1,0,0,10-21-2024,/game/6309599
final,Stanford,ACC,1,Pacific,WCC,1,0,0,10-21-2024,/game/6310946
final,Washington,Big Ten,2,LMU (CA),WCC,0,1,0,10-21-2024,/game/6311280
final,Gardner-Webb,Big South,3,UAB,AAC,2,1,0,10-22-2024,/game/6310948
final,Duquesne,Atlantic 10,1,Northern Ky.,Horizon,0,1,0,10-22-2024,/game/6310950
final,California,ACC,4,Saint Mary's (CA),WCC,2,1,0,10-22-2024,/game/6310947
final,Presbyterian,Big South,1,UNC Asheville,Big South,2,-1,0,10-22-2024,/game/6310404
final,Furman,SoCon,2,Wofford,SoCon,0,1,0,10-22-2024,/game/6310605
final,Campbell,CAA,1,Winthrop,Big South,0,1,0,10-22-2024,/game/6310957
final,Detroit Mercy,Horizon,1,Western Mich.,MVC,4,-1,0,10-22-2024,/game/6310954
final,Fordham,Atlantic 10,0,Princeton,Ivy League,1,-1,0,10-22-2024,/game/6310955
final,NJIT,America East,2,Drexel,CAA,1,1,0,10-22-2024,/game/6310956
final,Clemson,ACC,6,USC Upstate,Big South,0,1,0,10-22-2024,/game/6310952
final,South Fla.,AAC,1,Hofstra,CAA,3,-1,0,10-22-2024,/game/6310951
final,Michigan St.,Big Ten,0,Michigan,Big Ten,0,0,0,10-22-2024,/game/6309570
final,Davidson,Atlantic 10,8,JWU (Charlotte),IND,0,1,0,10-22-2024,/game/6310953
final,UAlbany,America East,3,Colgate,Patriot,1,1,0,10-22-2024,/game/6310964
final,Wright St.,Horizon,3,Bellarmine,ASUN,2,1,0,10-22-2024,/game/6310963
final,Louisville,ACC,4,Milwaukee,Horizon,0,1,0,10-22-2024,/game/6310962
final,Lafayette,Patriot,4,Stony Brook,CAA,2,1,0,10-22-2024,/game/6310961
final,Duke,ACC,5,Queens (NC),ASUN,0,1,0,10-22-2024,/game/6310960
final,Notre Dame,ACC,5,UIC,MVC,0,1,0,10-22-2024,/game/6310959
final,Loyola Chicago,Atlantic 10,4,Olivet Nazarene,IND,1,1,0,10-22-2024,/game/6310958
final,Iona,MAAC,1,Marist,MAAC,0,1,0,10-23-2024,/game/6310966
final,DePaul,Big East,2,Marquette,Big East,2,0,0,10-23-2024,/game/6310965
final,Villanova,Big East,3,Georgetown,Big East,3,0,0,10-23-2024,/game/6310968
final,Siena,MAAC,1,Canisius,MAAC,1,0,0,10-23-2024,/game/6310969
final,William & Mary,CAA,2,NC State,ACC,4,-1,0,10-23-2024,/game/6310970
final,UC Davis,Big West,1,CSU Bakersfield,Big West,0,1,0,10-23-2024,/game/6310967
final,Sacred Heart,MAAC,3,Saint Peter's,MAAC,1,1,0,10-23-2024,/game/6310972
final,Manhattan,MAAC,4,Quinnipiac,MAAC,2,1,0,10-23-2024,/game/6310973
final,Missouri St.,MVC,0,Saint Louis,Atlantic 10,0,0,0,10-23-2024,/game/6310971
final,UCF,Sun Belt,2,Kentucky,Sun Belt,1,1,0,10-23-2024,/game/6310974
final,Coastal Carolina,Sun Belt,2,Old Dominion,Sun Belt,3,-1,0,10-23-2024,/game/6310976
final,Harvard,Ivy League,1,Stonehill,NEC,2,-1,0,10-23-2024,/game/6310978
final,West Virginia,Sun Belt,2,Georgia St.,Sun Belt,1,1,0,10-23-2024,/game/6310979
final,Merrimack,MAAC,2,Fairfield,MAAC,2,0,0,10-23-2024,/game/6310981
final,Akron,Big East,3,Creighton,Big East,0,1,0,10-23-2024,/game/6310982
final,Butler,Big East,5,Xavier,Big East,1,1,0,10-23-2024,/game/6310983
final,Elon,CAA,0,Charlotte,AAC,2,-1,0,10-23-2024,/game/6310985
final,UNC Greensboro,SoCon,3,UNCW,CAA,1,1,0,10-23-2024,/game/6310986
final,UConn,Big East,1,Providence,Big East,2,-1,0,10-23-2024,/game/6310987
final,Seton Hall,Big East,0,St. John's (NY),Big East,1,-1,0,10-23-2024,/game/6310988
final,South Carolina,Sun Belt,3,James Madison,Sun Belt,1,1,0,10-23-2024,/game/6310980
final,Marshall,Sun Belt,4,Ga. Southern,Sun Belt,1,1,0,10-23-2024,/game/6310990
final,UC Santa Barbara,Big West,4,CSUN,Big West,3,1,0,10-23-2024,/game/6310975
final,Cal St. Fullerton,Big West,3,Sacramento St.,Big West,1,1,0,10-23-2024,/game/6310977
final,Cal Poly,Big West,1,UC Irvine,Big West,1,0,0,10-23-2024,/game/6310984
final,UC San Diego,Big West,0,UC Riverside,Big West,1,-1,0,10-23-2024,/game/6310989
final,Mercyhurst,NEC,2,Le Moyne,NEC,0,1,0,10-24-2024,/game/6310991
final,UTRGV,WAC,0,San Diego St.,WAC,0,0,0,10-24-2024,/game/6310993
final,Air Force,WAC,2,Utah Tech,WAC,3,-1,0,10-24-2024,/game/6310992
final,Chicago St.,NEC,1,FDU,NEC,2,-1,0,10-24-2024,/game/6310995
final,Utah Valley,WAC,0,UNLV,WAC,0,0,0,10-24-2024,/game/6310994
final,Grand Canyon,WAC,1,California Baptist,WAC,2,-1,0,10-24-2024,/game/6310996
final,Virginia Tech,ACC,0,Duke,ACC,1,-1,0,10-25-2024,/game/6310998
final,Delaware,CAA,1,Drexel,CAA,2,-1,0,10-25-2024,/game/6311005
final,Pittsburgh,ACC,4,Virginia,ACC,1,1,0,10-25-2024,/game/6311004
final,Michigan,Big Ten,2,Maryland,Big Ten,0,1,0,10-25-2024,/game/6309591
final,Central Ark.,ASUN,1,FGCU,ASUN,2,-1,0,10-25-2024,/game/6310999
final,Ohio St.,Big Ten,2,Northwestern,Big Ten,0,1,0,10-25-2024,/game/6309515
final,Belmont,MVC,0,NIU,MVC,1,-1,0,10-25-2024,/game/6311000
final,Clemson,ACC,6,Syracuse,ACC,1,1,0,10-25-2024,/game/6311006
final,SMU,ACC,3,Wake Forest,ACC,0,1,0,10-25-2024,/game/6311001
final,Evansville,MVC,1,Bowling Green,MVC,0,1,0,10-25-2024,/game/6311002
final,Lindenwood,OVC,1,Liberty,OVC,0,1,0,10-25-2024,/game/6311003
final,Gonzaga,WCC,1,Portland,WCC,2,-1,0,10-25-2024,/game/6310997
final,Washington,Big Ten,2,Rutgers,Big Ten,0,1,0,10-25-2024,/game/6309558
final,UCLA,Big Ten,1,Indiana,Big Ten,2,-1,0,10-25-2024,/game/6309600
final,Western Mich.,MVC,0,Bradley,MVC,0,0,0,10-26-2024,/game/6311007
final,Col. of Charleston,CAA,3,Hofstra,CAA,1,1,0,10-26-2024,/game/6311008
final,Massachusetts,Atlantic 10,1,Duquesne,Atlantic 10,0,1,0,10-26-2024,/game/6311009
final,Georgetown,Big East,4,DePaul,Big East,0,1,0,10-26-2024,/game/6311010
final,Harvard,Ivy League,1,Columbia,Ivy League,0,1,0,10-26-2024,/game/6311011
final,Northern Ky.,Horizon,1,Milwaukee,Horizon,4,-1,0,10-26-2024,/game/6311012
final,Canisius,MAAC,2,Mount St. Mary's,MAAC,1,1,0,10-26-2024,/game/6311013
final,Detroit Mercy,Horizon,2,Wright St.,Horizon,0,1,0,10-26-2024,/game/6311015
final,Bucknell,Patriot,1,Colgate,Patriot,0,1,0,10-26-2024,/game/6311017
final,Oakland,Horizon,3,Robert Morris,Horizon,2,1,0,10-26-2024,/game/6311018
final,Villanova,Big East,0,Providence,Big East,1,-1,0,10-26-2024,/game/6311019
final,Lafayette,Patriot,1,Loyola Maryland,Patriot,0,1,0,10-26-2024,/game/6311021
final,Boston U.,Patriot,2,American,Patriot,2,0,0,10-26-2024,/game/6311022
final,Green Bay,Horizon,2,IU Indy,Horizon,0,1,0,10-26-2024,/game/6311014
final,St. Thomas (MN),Summit League,0,Denver,Summit League,4,-1,0,10-26-2024,/game/6311016
final,Eastern Ill.,OVC,2,Southern Ind.,OVC,2,0,0,10-26-2024,/game/6311020
final,Longwood,Big South,0,UNC Asheville,Big South,4,-1,0,10-26-2024,/game/6311023
final,UNCW,CAA,3,Monmouth,CAA,0,1,0,10-26-2024,/game/6311024
final,Saint Peter's,MAAC,2,Fairfield,MAAC,0,1,0,10-26-2024,/game/6311025
final,Temple,The American,0,FIU,The American,0,0,0,10-26-2024,/game/6311026
final,Niagara,MAAC,0,Manhattan,MAAC,2,-1,0,10-26-2024,/game/6311027
final,Radford,Big South,1,Winthrop,Big South,3,-1,0,10-26-2024,/game/6311028
final,St. John's (NY),Big East,1,UConn,Big East,1,0,0,10-26-2024,/game/6311029
final,VMI,SoCon,0,UNC Greensboro,SoCon,1,-1,0,10-26-2024,/game/6311031
final,SIUE,OVC,3,Western Ill.,OVC,0,1,0,10-26-2024,/game/6311030
final,Quinnipiac,MAAC,0,Iona,MAAC,1,-1,0,10-26-2024,/game/6311034
final,Creighton,Big East,6,Butler,Big East,1,1,0,10-26-2024,/game/6311033
final,Princeton,Ivy League,1,Yale,Ivy League,0,1,0,10-26-2024,/game/6311035
final,Saint Joseph's,Atlantic 10,3,Rhode Island,Atlantic 10,2,1,0,10-26-2024,/game/6311036
final,UC Davis,Big West,2,UC San Diego,Big West,0,1,0,10-26-2024,/game/6311032
final,George Mason,Atlantic 10,4,St. Bonaventure,Atlantic 10,1,1,0,10-26-2024,/game/6311038
final,Queens (NC),ASUN,0,North Florida,ASUN,2,-1,0,10-26-2024,/game/6311039
final,Holy Cross,Patriot,1,Army West Point,Patriot,0,1,0,10-26-2024,/game/6311040
final,ETSU,SoCon,1,Furman,SoCon,1,0,0,10-26-2024,/game/6311041
final,Davidson,Atlantic 10,1,Dayton,Atlantic 10,5,-1,0,10-26-2024,/game/6311042
final,UMass Lowell,America East,1,NJIT,America East,1,0,0,10-26-2024,/game/6311043
final,Gardner-Webb,Big South,4,USC Upstate,Big South,0,1,0,10-26-2024,/game/6311044
final,Lehigh,Patriot,0,Navy,Patriot,1,-1,0,10-26-2024,/game/6311045
final,UAlbany,America East,1,New Hampshire,America East,5,-1,0,10-26-2024,/game/6311046
final,Penn St.,Big Ten,0,Wisconsin,Big Ten,2,-1,0,10-26-2024,/game/6309547
final,Presbyterian,Big South,1,High Point,Big South,2,-1,0,10-26-2024,/game/6311048
final,South Fla.,The American,1,Tulsa,The American,2,-1,0,10-26-2024,/game/6311049
final,Penn,Ivy League,3,Dartmouth,Ivy League,2,1,0,10-26-2024,/game/6311055
final,William & Mary,CAA,2,Campbell,CAA,3,-1,0,10-26-2024,/game/6311056
final,UMBC,America East,1,Vermont,America East,0,1,0,10-26-2024,/game/6311057
final,Mercer,SoCon,0,Wofford,SoCon,1,-1,0,10-26-2024,/game/6311058
final,Boston College,ACC,4,Stony Brook,CAA,2,1,0,10-26-2024,/game/6311059
final,Fordham,Atlantic 10,5,Loyola Chicago,Atlantic 10,1,1,0,10-26-2024,/game/6311060
final,Elon,CAA,4,Northeastern,CAA,2,1,0,10-26-2024,/game/6311061
final,Bellarmine,ASUN,2,Jacksonville,ASUN,1,1,0,10-26-2024,/game/6311062
final,Brown,Ivy League,0,Cornell,Ivy League,1,-1,0,10-26-2024,/game/6311069
final,La Salle,Atlantic 10,1,VCU,Atlantic 10,1,0,0,10-26-2024,/game/6311070
final,Rider,MAAC,1,Siena,MAAC,0,1,0,10-26-2024,/game/6311071
final,Xavier,Big East,0,Seton Hall,Big East,1,-1,0,10-26-2024,/game/6311072
final,Marist,MAAC,0,Merrimack,MAAC,0,0,0,10-26-2024,/game/6311073
final,Cleveland St.,Horizon,3,Purdue Fort Wayne,Horizon,0,1,0,10-26-2024,/game/6311074
final,Memphis,The American,2,Fla. Atlantic,The American,1,1,0,10-26-2024,/game/6311050
final,UIW,OVC,0,Houston Christian,OVC,0,0,0,10-26-2024,/game/6311052
final,Drake,MVC,1,UIC,MVC,0,1,0,10-26-2024,/game/6311053
final,Saint Louis,Atlantic 10,5,George Washington,Atlantic 10,0,1,0,10-26-2024,/game/6311063
final,Lipscomb,ASUN,1,Stetson,ASUN,1,0,0,10-26-2024,/game/6311065
final,Kansas City,Summit League,3,Omaha,Summit League,2,1,0,10-26-2024,/game/6311067
final,Marquette,Big East,0,Akron,Big East,3,-1,0,10-26-2024,/game/6311094
final,UC Irvine,Big West,3,Sacramento St.,Big West,1,1,0,10-26-2024,/game/6311037
final,UC Santa Barbara,Big West,1,Cal St. Fullerton,Big West,1,0,0,10-26-2024,/game/6311047
final,LMU (CA),WCC,1,San Francisco,WCC,2,-1,0,10-26-2024,/game/6311051
final,CSU Bakersfield,Big West,4,UC Riverside,Big West,1,1,0,10-26-2024,/game/6311054
final,CSUN,Big West,1,Cal Poly,Big West,1,0,0,10-26-2024,/game/6311064
final,Pacific,WCC,1,Santa Clara,WCC,2,-1,0,10-26-2024,/game/6311066
final,San Jose St.,WAC,1,Seattle U,WAC,4,-1,0,10-26-2024,/game/6311068
final,San Diego,WCC,2,Oregon St.,WCC,0,1,0,10-26-2024,/game/6311075
final,Le Moyne,NEC,2,Howard,NEC,0,1,0,10-27-2024,/game/6311077
final,FDU,NEC,3,Mercyhurst,NEC,0,1,0,10-27-2024,/game/6311076
final,UTRGV,WAC,2,California Baptist,WAC,0,1,0,10-27-2024,/game/6311078
final,LIU,NEC,2,Stonehill,NEC,0,1,0,10-27-2024,/game/6311079
final,Central Conn. St.,NEC,0,Saint Francis,NEC,2,-1,0,10-27-2024,/game/6311080
final,Bryant,America East,4,Binghamton,America East,1,1,0,10-27-2024,/game/6311083
final,Air Force,WAC,0,UNLV,WAC,3,-1,0,10-27-2024,/game/6311081
final,NC State,ACC,1,Louisville,ACC,0,1,0,10-27-2024,/game/6311085
final,Old Dominion,Sun Belt,1,South Carolina,Sun Belt,3,-1,0,10-27-2024,/game/6311087
final,Georgia St.,Sun Belt,3,Marshall,Sun Belt,3,0,0,10-27-2024,/game/6311086
final,California,ACC,0,Notre Dame,ACC,2,-1,0,10-27-2024,/game/6311082
final,Ga. Southern,Sun Belt,2,UCF,Sun Belt,0,1,0,10-27-2024,/game/6311088
final,James Madison,Sun Belt,2,West Virginia,Sun Belt,2,0,0,10-27-2024,/game/6311089
final,Charlotte,The American,0,UAB,The American,0,0,0,10-27-2024,/game/6311090
final,Kentucky,Sun Belt,5,Coastal Carolina,Sun Belt,0,1,0,10-27-2024,/game/6311091
final,Stanford,ACC,1,North Carolina,ACC,2,-1,0,10-27-2024,/game/6311084
final,Grand Canyon,WAC,0,San Diego St.,WAC,1,-1,0,10-27-2024,/game/6311092
final,Utah Valley,WAC,2,Utah Tech,WAC,1,1,0,10-28-2024,/game/6311093
final,Bellarmine,ASUN,2,FGCU,ASUN,0,1,0,10-29-2024,/game/6310767
final,Villanova,Big East,1,Drexel,CAA,1,0,0,10-29-2024,/game/6311095
final,VMI,SoCon,0,Queens (NC),ASUN,3,-1,0,10-29-2024,/game/6311096
final,Ohio St.,Big Ten,2,Michigan St.,Big Ten,2,0,0,10-29-2024,/game/6309516
final,Gardner-Webb,Big South,1,UNC Asheville,Big South,1,0,0,10-29-2024,/game/6310592
final,Virginia Tech,ACC,2,Davidson,Atlantic 10,2,0,0,10-29-2024,/game/6311097
final,Rutgers,Big Ten,3,Maryland,Big Ten,1,1,0,10-29-2024,/game/6309559
final,Clemson,ACC,2,Wofford,SoCon,1,1,0,10-29-2024,/game/6311099
final,Mercer,SoCon,4,Winthrop,Big South,0,1,0,10-29-2024,/game/6311100
final,Brown,Ivy League,2,Rhode Island,Atlantic 10,1,1,0,10-29-2024,/game/6311102
final,Duke,ACC,4,Longwood,Big South,1,1,0,10-29-2024,/game/6311103
final,Princeton,Ivy League,5,Seton Hall,Big East,2,1,0,10-29-2024,/game/6311104
final,Belmont,MVC,2,Lipscomb,ASUN,0,1,0,10-29-2024,/game/6311098
final,Indiana,Big Ten,6,Northwestern,Big Ten,1,1,0,10-29-2024,/game/6309531
final,Saint Louis,Atlantic 10,7,Blackburn,SLIAC,0,1,0,10-29-2024,/game/6311101
final,Quinnipiac,MAAC,3,Merrimack,MAAC,2,1,0,10-30-2024,/game/6311105
final,Mount St. Mary's,MAAC,1,Saint Peter's,MAAC,3,-1,0,10-30-2024,/game/6311106
final,Marist,MAAC,4,Niagara,MAAC,1,1,0,10-30-2024,/game/6311107
final,Virginia,ACC,4,Mary Washington,C2C,2,1,0,10-30-2024,/game/6311109
final,Manhattan,MAAC,0,Rider,MAAC,2,-1,0,10-30-2024,/game/6311110
final,Dayton,Atlantic 10,2,VCU,Atlantic 10,0,1,0,10-30-2024,/game/6310470
final,Fairfield,MAAC,1,Sacred Heart,MAAC,0,1,0,10-30-2024,/game/6311116
final,Denver,Summit League,2,Kansas City,Summit League,1,1,0,10-30-2024,/game/6311108
final,Oral Roberts,Summit League,3,St. Thomas (MN),Summit League,0,1,0,10-30-2024,/game/6311111
final,Oregon St.,WCC,5,LMU (CA),WCC,1,1,0,10-30-2024,/game/6311112
final,Portland,WCC,2,Saint Mary's (CA),WCC,2,0,0,10-30-2024,/game/6311113
final,San Francisco,WCC,0,San Diego,WCC,1,-1,0,10-30-2024,/game/6311114
final,Santa Clara,WCC,1,Gonzaga,WCC,0,1,0,10-30-2024,/game/6311115
final,Mercyhurst,NEC,0,LIU,NEC,0,0,0,10-31-2024,/game/6311117
final,Western Ill.,OVC,0,UIW,OVC,2,-1,0,10-31-2024,/game/6311118
final,Eastern Ill.,OVC,0,Lindenwood,OVC,2,-1,0,10-31-2024,/game/6311120
final,Southern Ind.,OVC,1,SIUE,OVC,2,-1,0,10-31-2024,/game/6311121
final,San Jose St.,WAC,3,Grand Canyon,WAC,0,1,0,10-31-2024,/game/6311119
final,West Virginia,Sun Belt,0,Coastal Carolina,Sun Belt,0,0,0,10-31-2024,/game/6311124
final,Howard,NEC,0,FDU,NEC,1,-1,0,10-31-2024,/game/6311123
final,Liberty,OVC,0,Houston Christian,OVC,0,0,0,10-31-2024,/game/6311122
final,California Baptist,WAC,4,Air Force,WAC,2,1,0,10-31-2024,/game/6311126
final,Seattle U,WAC,3,UTRGV,WAC,1,1,0,10-31-2024,/game/6311125
final,Oakland,Horizon,1,Green Bay,Horizon,0,1,0,11-01-2024,/game/6311130
final,American,Patriot,1,Holy Cross,Patriot,1,0,0,11-01-2024,/game/6311129
final,Purdue Fort Wayne,Horizon,1,Northern Ky.,Horizon,3,-1,0,11-01-2024,/game/6311131
final,Robert Morris,Horizon,1,Detroit Mercy,Horizon,1,0,0,11-01-2024,/game/6311132
final,UMass Lowell,America East,1,Vermont,America East,2,-1,0,11-01-2024,/game/6311133
final,Lehigh,Patriot,1,Colgate,Patriot,2,-1,0,11-01-2024,/game/6311128
final,Milwaukee,Horizon,3,IU Indy,Horizon,1,1,0,11-01-2024,/game/6311134
final,Army West Point,Patriot,2,Loyola Maryland,Patriot,2,0,0,11-01-2024,/game/6311135
final,Virginia Tech,ACC,2,Clemson,ACC,2,0,0,11-01-2024,/game/6311136
final,Binghamton,America East,1,UAlbany,America East,1,0,0,11-01-2024,/game/6311138
final,Indiana,Big Ten,4,Trine,Michigan Intercol. Ath. Assn.,1,1,0,11-01-2024,/game/6309613
final,Wright St.,Horizon,1,Cleveland St.,Horizon,4,-1,0,11-01-2024,/game/6311158
final,Louisville,ACC,2,SMU,ACC,3,-1,0,11-01-2024,/game/6311157
final,Duke,ACC,4,Notre Dame,ACC,0,1,0,11-01-2024,/game/6311156
final,Syracuse,ACC,2,Pittsburgh,ACC,0,1,0,11-01-2024,/game/6311155
final,Bucknell,Patriot,1,Lafayette,Patriot,1,0,0,11-01-2024,/game/6311153
final,Kentucky,Sun Belt,1,Marshall,Sun Belt,1,0,0,11-01-2024,/game/6311152
final,Bowling Green,MVC,3,Western Mich.,MVC,0,1,0,11-01-2024,/game/6311145
final,NJIT,America East,0,New Hampshire,America East,0,0,0,11-01-2024,/game/6311151
final,Navy,Patriot,0,Boston U.,Patriot,1,-1,0,11-01-2024,/game/6311150
final,Bryant,America East,0,UMBC,America East,1,-1,0,11-01-2024,/game/6311148
final,James Madison,Sun Belt,0,Georgia St.,Sun Belt,1,-1,0,11-01-2024,/game/6311146
final,Ga. Southern,Sun Belt,2,Old Dominion,Sun Belt,3,-1,0,11-01-2024,/game/6311143
final,Wake Forest,ACC,1,NC State,ACC,0,1,0,11-01-2024,/game/6311142
final,High Point,Big South,0,Gardner-Webb,Big South,1,-1,0,11-01-2024,/game/6311141
final,FIU,The American,2,Memphis,The American,2,0,0,11-01-2024,/game/6311140
final,UCF,Sun Belt,4,South Carolina,Sun Belt,0,1,0,11-01-2024,/game/6311139
final,UAB,The American,2,South Fla.,The American,4,-1,0,11-01-2024,/game/6311137
final,North Carolina,ACC,0,Boston College,ACC,1,-1,0,11-01-2024,/game/6311160
final,UIC,MVC,2,Bradley,MVC,0,1,0,11-01-2024,/game/6311144
final,Missouri St.,MVC,6,Evansville,MVC,1,1,0,11-01-2024,/game/6311149
final,NIU,MVC,2,Drake,MVC,3,-1,0,11-01-2024,/game/6311154
final,Tulsa,The American,0,Temple,The American,1,-1,0,11-01-2024,/game/6311159
final,Stanford,ACC,0,California,ACC,1,-1,0,11-01-2024,/game/6311147
final,Stony Brook,CAA,0,William & Mary,CAA,2,-1,0,11-02-2024,/game/6311163
final,Drexel,CAA,5,Col. of Charleston,CAA,1,1,0,11-02-2024,/game/6311165
final,Iona,MAAC,2,Manhattan,MAAC,1,1,0,11-02-2024,/game/6311166
final,George Washington,Atlantic 10,1,La Salle,Atlantic 10,2,-1,0,11-02-2024,/game/6311167
final,Rider,MAAC,2,Marist,MAAC,2,0,0,11-02-2024,/game/6311169
final,VMI,SoCon,1,Wofford,SoCon,2,-1,0,11-02-2024,/game/6311170
final,St. Thomas (MN),Summit League,0,Omaha,Summit League,5,-1,0,11-02-2024,/game/6311164
final,Loyola Chicago,Atlantic 10,4,Saint Joseph's,Atlantic 10,1,1,0,11-02-2024,/game/6311168
final,Providence,Big East,1,Xavier,Big East,0,1,0,11-02-2024,/game/6311171
final,Niagara,MAAC,0,Quinnipiac,MAAC,1,-1,0,11-02-2024,/game/6311172
final,Butler,Big East,3,DePaul,Big East,5,-1,0,11-02-2024,/game/6311173
final,Fairfield,MAAC,2,Canisius,MAAC,2,0,0,11-02-2024,/game/6311174
final,Longwood,Big South,2,Radford,Big South,2,0,0,11-02-2024,/game/6311175
final,UConn,Big East,0,Akron,Big East,0,0,0,11-02-2024,/game/6311176
final,St. John's (NY),Big East,2,Georgetown,Big East,0,1,0,11-02-2024,/game/6311177
final,Seton Hall,Big East,1,Villanova,Big East,0,1,0,11-02-2024,/game/6311178
final,Marquette,Big East,2,Creighton,Big East,5,-1,0,11-02-2024,/game/6311186
final,Siena,MAAC,2,Mount St. Mary's,MAAC,2,0,0,11-02-2024,/game/6311180
final,Saint Mary's (CA),WCC,3,Gonzaga,WCC,1,1,0,11-02-2024,/game/6311162
final,St. Bonaventure,Atlantic 10,1,Massachusetts,Atlantic 10,5,-1,0,11-02-2024,/game/6311181
final,Merrimack,MAAC,3,Sacred Heart,MAAC,2,1,0,11-02-2024,/game/6311182
final,Cornell,Ivy League,3,Harvard,Ivy League,0,1,0,11-02-2024,/game/6311183
final,Yale,Ivy League,0,Penn,Ivy League,1,-1,0,11-02-2024,/game/6311184
final,Sacramento St.,Big West,2,UC Davis,Big West,4,-1,0,11-02-2024,/game/6311179
final,Northeastern,CAA,3,UNCW,CAA,0,1,0,11-02-2024,/game/6311185
final,UNC Greensboro,SoCon,3,ETSU,SoCon,2,1,0,11-02-2024,/game/6311187
final,FGCU,ASUN,0,Queens (NC),ASUN,1,-1,0,11-02-2024,/game/6311188
final,Hofstra,CAA,4,Delaware,CAA,0,1,0,11-02-2024,/game/6311189
final,Furman,SoCon,1,Mercer,SoCon,1,0,0,11-02-2024,/game/6311192
final,North Florida,ASUN,2,Central Ark.,ASUN,6,-1,0,11-02-2024,/game/6311193
final,Stetson,ASUN,1,Bellarmine,ASUN,1,0,0,11-02-2024,/game/6311194
final,Dayton,Atlantic 10,4,Saint Louis,Atlantic 10,1,1,0,11-02-2024,/game/6311195
final,Fla. Atlantic,The American,6,Charlotte,The American,1,1,0,11-02-2024,/game/6311196
final,Duquesne,Atlantic 10,1,Fordham,Atlantic 10,1,0,0,11-02-2024,/game/6311197
final,Campbell,CAA,1,Elon,CAA,2,-1,0,11-02-2024,/game/6311200
final,USC Upstate,Big South,1,UNC Asheville,Big South,4,-1,0,11-02-2024,/game/6311201
final,Dartmouth,Ivy League,1,Princeton,Ivy League,2,-1,0,11-02-2024,/game/6311202
final,VCU,Atlantic 10,0,George Mason,Atlantic 10,0,0,0,11-02-2024,/game/6311203
final,Winthrop,Big South,2,Presbyterian,Big South,5,-1,0,11-02-2024,/game/6311204
final,Jacksonville,ASUN,3,Lipscomb,ASUN,2,1,0,11-02-2024,/game/6311206
final,Rhode Island,Atlantic 10,1,Davidson,Atlantic 10,2,-1,0,11-02-2024,/game/6311207
final,Oral Roberts,Summit League,0,Denver,Summit League,1,-1,0,11-02-2024,/game/6311190
final,Portland,WCC,5,LMU (CA),WCC,0,1,0,11-02-2024,/game/6311161
final,Cal St. Fullerton,Big West,1,CSUN,Big West,1,0,0,11-02-2024,/game/6311191
final,Pacific,WCC,0,San Diego,WCC,1,-1,0,11-02-2024,/game/6311198
final,UC Riverside,Big West,2,UC Santa Barbara,Big West,0,1,0,11-02-2024,/game/6311199
final,UC San Diego,Big West,2,UC Irvine,Big West,2,0,0,11-02-2024,/game/6311205
final,Cal Poly,Big West,1,CSU Bakersfield,Big West,0,1,0,11-02-2024,/game/6311208
final,Michigan St.,Big Ten,0,Rutgers,Big Ten,1,-1,0,11-03-2024,/game/6309560
final,UCLA,Big Ten,0,Washington,Big Ten,1,-1,0,11-03-2024,/game/6309601
final,Howard,NEC,0,Mercyhurst,NEC,2,-1,0,11-03-2024,/game/6311209
final,Liberty,OVC,2,UIW,OVC,2,0,0,11-03-2024,/game/6311211
final,Maryland,Big Ten,1,Ohio St.,Big Ten,2,-1,0,11-03-2024,/game/6309517
final,Stonehill,NEC,5,Chicago St.,NEC,1,1,0,11-03-2024,/game/6311215
final,Northwestern,Big Ten,4,Penn St.,Big Ten,1,1,0,11-03-2024,/game/6309532
final,Wisconsin,Big Ten,1,Michigan,Big Ten,1,0,0,11-03-2024,/game/6309581
final,Columbia,Ivy League,1,Brown,Ivy League,3,-1,0,11-03-2024,/game/6311222
final,Lindenwood,OVC,7,Southern Ind.,OVC,0,1,0,11-03-2024,/game/6311214
final,Western Ill.,OVC,1,Houston Christian,OVC,0,1,0,11-03-2024,/game/6311216
final,Eastern Ill.,OVC,0,SIUE,OVC,3,-1,0,11-03-2024,/game/6311218
final,LIU,NEC,1,Central Conn. St.,NEC,0,1,0,11-03-2024,/game/6311221
final,Saint Francis,NEC,4,Le Moyne,NEC,0,1,0,11-03-2024,/game/6311220
final,San Diego St.,WAC,2,Air Force,WAC,0,1,0,11-03-2024,/game/6311210
final,Utah Tech,WAC,2,UNLV,WAC,1,1,0,11-03-2024,/game/6311219
final,Oregon St.,WCC,1,San Francisco,WCC,1,0,0,11-03-2024,/game/6311212
final,Seattle U,WAC,5,Grand Canyon,WAC,0,1,0,11-03-2024,/game/6311213
final,San Jose St.,WAC,0,UTRGV,WAC,0,0,0,11-03-2024,/game/6311217
final,California Baptist,WAC,0,Utah Valley,WAC,1,-1,0,11-03-2024,/game/6311223
final,Kansas City,Summit League,12,Avila,IND,0,1,0,11-03-2024,/game/6311224
final,St. John's (NY),Big East,7,CCNY,CUNYAC,1,1,0,11-04-2024,/game/6311225
final,Green Bay,Horizon,1,Milwaukee,Horizon,1,0,0,11-05-2024,/game/6311226
final,IU Indy,Horizon,0,Purdue Fort Wayne,Horizon,1,-1,0,11-05-2024,/game/6311227
final,Northern Ky.,Horizon,1,Wright St.,Horizon,4,-1,0,11-05-2024,/game/6311228
final,Cleveland St.,Horizon,3,Robert Morris,Horizon,2,1,0,11-05-2024,/game/6311229
final,New Hampshire,America East,4,UMass Lowell,America East,0,1,0,11-05-2024,/game/6311233
final,Colgate,Patriot,3,Army West Point,Patriot,0,1,0,11-05-2024,/game/6311230
final,Holy Cross,Patriot,1,Boston U.,Patriot,1,0,0,11-05-2024,/game/6311231
final,Vermont,America East,1,Binghamton,America East,1,0,0,11-05-2024,/game/6311232
final,Georgia St.,Sun Belt,4,Kentucky,Sun Belt,7,-1,0,11-05-2024,/game/6311237
final,Old Dominion,Sun Belt,1,James Madison,Sun Belt,0,1,0,11-05-2024,/game/6311239
final,Navy,Patriot,1,American,Patriot,3,-1,0,11-05-2024,/game/6311240
final,Lafayette,Patriot,1,Lehigh,Patriot,2,-1,0,11-05-2024,/game/6311241
final,UAlbany,America East,0,Bryant,America East,4,-1,0,11-05-2024,/game/6311242
final,Loyola Maryland,Patriot,0,Bucknell,Patriot,0,0,0,11-05-2024,/game/6311235
final,UMBC,America East,2,NJIT,America East,0,1,0,11-05-2024,/game/6311236
final,Coastal Carolina,Sun Belt,1,UCF,Sun Belt,2,-1,0,11-05-2024,/game/6311234
final,South Carolina,Sun Belt,3,Ga. Southern,Sun Belt,0,1,0,11-05-2024,/game/6311238
final,Marshall,Sun Belt,0,West Virginia,Sun Belt,0,0,0,11-05-2024,/game/6311243
final,Quinnipiac,MAAC,3,Fairfield,MAAC,1,1,0,11-06-2024,/game/6311246
final,Saint Peter's,MAAC,0,Iona,MAAC,4,-1,0,11-06-2024,/game/6311244
final,Western Mich.,MVC,2,UIC,MVC,1,1,0,11-06-2024,/game/6311247
final,UC Davis,Big West,2,CSU Bakersfield,Big West,1,1,0,11-06-2024,/game/6381215
final,Rider,MAAC,3,Mount St. Mary's,MAAC,0,1,0,11-06-2024,/game/6311248
final,Marist,MAAC,2,Siena,MAAC,5,-1,0,11-06-2024,/game/6311252
final,Winthrop,Big South,1,Presbyterian,Big South,2,-1,0,11-06-2024,/game/6381220
final,Clemson,ACC,3,Louisville,ACC,1,1,0,11-06-2024,/game/6381235
final,North Carolina,ACC,1,California,ACC,2,-1,0,11-06-2024,/game/6381232
final,Canisius,MAAC,1,Niagara,MAAC,0,1,0,11-06-2024,/game/6311249
final,Sacred Heart,MAAC,0,Manhattan,MAAC,0,0,0,11-06-2024,/game/6311250
final,UNC Asheville,Big South,3,Longwood,Big South,4,-1,0,11-06-2024,/game/6381221
final,Evansville,MVC,2,Belmont,MVC,2,0,0,11-06-2024,/game/6311251
final,Duke,ACC,2,Virginia Tech,ACC,0,1,0,11-06-2024,/game/6381233
final,Wake Forest,ACC,2,Syracuse,ACC,1,1,0,11-06-2024,/game/6381229
final,NC State,ACC,1,Virginia,ACC,2,-1,0,11-06-2024,/game/6381227
final,Drake,MVC,0,Missouri St.,MVC,1,-1,0,11-06-2024,/game/6311254
final,Bradley,MVC,3,NIU,MVC,3,0,0,11-06-2024,/game/6311253
final,SMU,ACC,1,Boston College,ACC,0,1,0,11-06-2024,/game/6381228
final,UC Irvine,Big West,1,Cal St. Fullerton,Big West,0,1,0,11-06-2024,/game/6381216
final,Oregon St.,WCC,3,Bowling Green,MVC,1,1,0,11-06-2024,/game/6311255
final,Stanford,ACC,3,Notre Dame,ACC,2,1,0,11-07-2024,/game/6381234
final,Warner,NON-NCAA ORG,0,Stetson,ASUN,4,-1,0,11-07-2024,/game/6381296
final,Indiana,Big Ten,0,Michigan,Big Ten,1,-1,0,11-07-2024,/game/6381239
final,Monmouth,CAA,1,UNCW,CAA,1,0,1,11-07-2024,/game/6381247
final,Le Moyne,NEC,1,LIU,NEC,2,-1,0,11-07-2024,/game/6311257
final,Central Conn. St.,NEC,3,Stonehill,NEC,2,1,0,11-07-2024,/game/6311258
final,FDU,NEC,4,Saint Francis,NEC,1,1,0,11-07-2024,/game/6311256
final,Maryland,Big Ten,0,UCLA,Big Ten,6,-1,1,11-07-2024,/game/6381240
final,Hofstra,CAA,3,Col. of Charleston,CAA,2,1,1,11-07-2024,/game/6381246
final,Washington,Big Ten,0,Michigan St.,Big Ten,0,0,1,11-07-2024,/game/6381241
final,Chicago St.,NEC,3,Howard,NEC,1,1,0,11-07-2024,/game/6311259
final,Fla. Atlantic,The American,0,FIU,The American,1,-1,0,11-08-2024,/game/6381485
final,Wofford,SoCon,3,VMI,SoCon,0,1,0,11-08-2024,/game/6381348
final,Furman,SoCon,2,Mercer,SoCon,0,1,1,11-08-2024,/game/6381495
final,Dayton,Atlantic 10,1,Davidson,Atlantic 10,0,1,0,11-08-2024,/game/6381491
final,George Mason,Atlantic 10,2,La Salle,Atlantic 10,0,1,0,11-08-2024,/game/6381489
final,Charlotte,The American,3,Temple,The American,1,1,0,11-08-2024,/game/6381484
final,Georgetown,Big East,1,Creighton,Big East,0,1,0,11-09-2024,/game/6381505
final,Massachusetts,Atlantic 10,0,Saint Louis,Atlantic 10,0,0,0,11-09-2024,/game/6381492
final,Harvard,Ivy League,2,Dartmouth,Ivy League,0,1,0,11-09-2024,/game/6311261
final,Princeton,Ivy League,0,Penn,Ivy League,1,-1,0,11-09-2024,/game/6311263
final,Omaha,Summit League,1,Denver,Summit League,2,-1,0,11-09-2024,/game/6311262
final,Cornell,Ivy League,4,Columbia,Ivy League,1,1,0,11-09-2024,/game/6311264
final,Saint Mary's (CA),WCC,2,San Francisco,WCC,3,-1,0,11-09-2024,/game/6311260
final,St. John's (NY),Big East,2,Seton Hall,Big East,0,1,0,11-09-2024,/game/6381506
final,American,Patriot,2,Loyola Maryland,Patriot,2,0,0,11-09-2024,/game/6381511
final,Colgate,Patriot,2,Lehigh,Patriot,1,1,0,11-09-2024,/game/6381349
final,Central Ark.,ASUN,3,Queens (NC),ASUN,2,1,0,11-09-2024,/game/6381499
final,Bryant,America East,4,NJIT,America East,0,1,0,11-09-2024,/game/6381516
final,Duquesne,Atlantic 10,0,Fordham,Atlantic 10,3,-1,0,11-09-2024,/game/6381490
final,FGCU,ASUN,1,Bellarmine,ASUN,1,0,1,11-09-2024,/game/6381500
final,Akron,Big East,3,DePaul,Big East,1,1,0,11-09-2024,/game/6381504
final,Brown,Ivy League,1,Yale,Ivy League,0,1,0,11-09-2024,/game/6311268
final,Providence,Big East,2,UConn,Big East,0,1,0,11-09-2024,/game/6381507
final,UMBC,America East,1,Binghamton,America East,0,1,0,11-09-2024,/game/6381515
final,Kansas City,Summit League,2,Oral Roberts,Summit League,1,1,0,11-09-2024,/game/6311267
final,Gonzaga,WCC,0,Pacific,WCC,2,-1,0,11-09-2024,/game/6311265
final,San Diego,WCC,0,Portland,WCC,2,-1,0,11-09-2024,/game/6311269
final,UC Santa Barbara,Big West,2,UC Irvine,Big West,1,1,0,11-09-2024,/game/6381214
final,Santa Clara,WCC,0,LMU (CA),WCC,1,-1,0,11-09-2024,/game/6311266
final,Western Mich.,MVC,1,Evansville,MVC,2,-1,0,11-10-2024,/game/6381525
final,Quinnipiac,MAAC,1,Marist,MAAC,2,-1,0,11-10-2024,/game/6381549
final,Iona,MAAC,3,Mount St. Mary's,MAAC,0,1,0,11-10-2024,/game/6381546
final,Siena,MAAC,2,Manhattan,MAAC,1,1,0,11-10-2024,/game/6381548
final,Green Bay,Horizon,3,Cleveland St.,Horizon,1,1,0,11-10-2024,/game/6381521
final,Milwaukee,Horizon,1,Purdue Fort Wayne,Horizon,0,1,0,11-10-2024,/game/6381520
final,UNC Greensboro,SoCon,1,Furman,SoCon,1,0,0,11-10-2024,/game/6381494
final,Lindenwood,OVC,2,Western Ill.,OVC,1,1,0,11-10-2024,/game/6381530
final,Rider,MAAC,1,Sacred Heart,MAAC,0,1,0,11-10-2024,/game/6381547
final,ETSU,SoCon,1,Wofford,SoCon,1,0,0,11-10-2024,/game/6381347
final,Elon,CAA,0,Hofstra,CAA,2,-1,0,11-10-2024,/game/6381243
final,Clemson,ACC,1,Stanford,ACC,0,1,0,11-10-2024,/game/6381231
final,Drexel,CAA,0,UNCW,CAA,2,-1,0,11-10-2024,/game/6381245
final,Marshall,Sun Belt,3,Old Dominion,Sun Belt,2,1,0,11-10-2024,/game/6381541
final,West Virginia,Sun Belt,3,Ga. Southern,Sun Belt,2,1,0,11-10-2024,/game/6381539
final,Gardner-Webb,Big South,2,Presbyterian,Big South,0,1,0,11-10-2024,/game/6381218
final,UCLA,Big Ten,1,Michigan,Big Ten,1,0,1,11-10-2024,/game/6381237
final,SMU,ACC,2,Wake Forest,ACC,2,0,0,11-10-2024,/game/6381226
final,Cal Poly,Big West,1,UC Davis,Big West,1,0,0,11-10-2024,/game/6381190
final,Liberty,OVC,2,UIW,OVC,3,-1,0,11-10-2024,/game/6381531
final,Ohio St.,Big Ten,3,Washington,Big Ten,1,1,1,11-10-2024,/game/6381238
final,Bowling Green,MVC,4,UIC,MVC,1,1,0,11-10-2024,/game/6381526
final,High Point,Big South,1,Longwood,Big South,0,1,0,11-10-2024,/game/6381219
final,Duke,ACC,0,California,ACC,2,-1,0,11-10-2024,/game/6381230
final,Utah Valley,WAC,0,San Jose St.,WAC,1,-1,0,11-10-2024,/game/6381480
final,Kentucky,Sun Belt,1,South Carolina,Sun Belt,0,1,1,11-10-2024,/game/6381540
final,UCF,Sun Belt,1,James Madison,Sun Belt,2,-1,1,11-10-2024,/game/6381542
final,Pittsburgh,ACC,0,Virginia,ACC,2,-1,0,11-10-2024,/game/6381225
final,California Baptist,WAC,1,Utah Tech,WAC,0,1,0,11-10-2024,/game/6381535
final,Stetson,ASUN,0,Central Ark.,ASUN,3,-1,0,11-11-2024,/game/6381497
final,North Florida,ASUN,3,FGCU,ASUN,0,1,0,11-11-2024,/game/6381498
final,Bucknell,Patriot,1,American,Patriot,1,0,0,11-12-2024,/game/6381510
final,Boston U.,Patriot,0,Colgate,Patriot,1,-1,0,11-12-2024,/game/6381509
final,Houston Christian,OVC,2,Lindenwood,OVC,0,1,0,11-13-2024,/game/6381528
final,Drake,MVC,0,Bowling Green,MVC,1,-1,1,11-13-2024,/game/6381523
final,New Hampshire,America East,0,Bryant,America East,0,0,0,11-13-2024,/game/6381513
final,San Diego St.,WAC,2,San Jose St.,WAC,3,-1,1,11-13-2024,/game/6381533
final,Vermont,America East,2,UMBC,America East,1,1,0,11-13-2024,/game/6381514
final,George Mason,Atlantic 10,1,Saint Louis,Atlantic 10,2,-1,0,11-13-2024,/game/6381487
final,Dayton,Atlantic 10,2,Fordham,Atlantic 10,0,1,0,11-13-2024,/game/6381488
final,Missouri St.,MVC,0,Evansville,MVC,1,-1,0,11-13-2024,/game/6381524
final,SIUE,OVC,1,UIW,OVC,0,1,0,11-13-2024,/game/6381529
final,West Virginia,Sun Belt,2,Kentucky,Sun Belt,1,1,0,11-13-2024,/game/6381537
final,Marshall,Sun Belt,1,James Madison,Sun Belt,0,1,0,11-13-2024,/game/6381538
final,Seattle U,WAC,3,California Baptist,WAC,1,1,1,11-13-2024,/game/6381534
final,Iona,MAAC,3,Marist,MAAC,1,1,0,11-14-2024,/game/6381544
final,Oakland,Horizon,2,Green Bay,Horizon,0,1,0,11-14-2024,/game/6381518
final,Saint Francis,NEC,1,LIU,NEC,4,-1,0,11-14-2024,/game/6381299
final,Robert Morris,Horizon,1,Milwaukee,Horizon,0,1,0,11-14-2024,/game/6381519
final,South Fla.,The American,0,Charlotte,The American,1,-1,1,11-14-2024,/game/6381482
final,Providence,Big East,2,St. John's (NY),Big East,1,1,1,11-14-2024,/game/6381503
final,Wake Forest,ACC,5,Virginia,ACC,1,1,1,11-14-2024,/game/6381223
final,FDU,NEC,3,Le Moyne,NEC,2,1,0,11-14-2024,/game/6381298
final,Rider,MAAC,1,Siena,MAAC,0,1,0,11-14-2024,/game/6381545
final,Akron,Big East,1,Georgetown,Big East,2,-1,0,11-14-2024,/game/6381502
final,Memphis,The American,1,FIU,The American,3,-1,0,11-14-2024,/game/6381483
final,Clemson,ACC,3,California,ACC,2,1,1,11-14-2024,/game/6381224
final,Penn,Ivy League,2,Brown,Ivy League,1,1,0,11-15-2024,/game/6381933
final,Cornell,Ivy League,2,Princeton,Ivy League,3,-1,1,11-15-2024,/game/6381934
final,UC Santa Barbara,Big West,0,UC Davis,Big West,2,-1,0,11-15-2024,/game/6381189
final,Oakland,Horizon,0,Robert Morris,Horizon,1,-1,0,11-16-2024,/game/6381517
final,Denver,Summit League,1,Kansas City,Summit League,2,-1,0,11-16-2024,/game/6381935
final,High Point,Big South,1,Gardner-Webb,Big South,2,-1,0,11-16-2024,/game/6381217
final,Bucknell,Patriot,3,Colgate,Patriot,0,1,0,11-16-2024,/game/6381508
final,Hofstra,CAA,1,UNCW,CAA,0,1,0,11-16-2024,/game/6381242
final,North Florida,ASUN,3,Central Ark.,ASUN,3,0,0,11-16-2024,/game/6381496
final,SIUE,OVC,3,Houston Christian,OVC,2,1,0,11-16-2024,/game/6381527
final,Bowling Green,MVC,2,Evansville,MVC,3,-1,1,11-16-2024,/game/6381522
final,Seattle U,WAC,3,San Jose St.,WAC,0,1,1,11-16-2024,/game/6381532
final,LMU (CA),WCC,0,San Diego,WCC,1,-1,0,11-16-2024,/game/6311270
final,Portland,WCC,3,Oregon St.,WCC,2,1,0,11-16-2024,/game/6311271
final,San Francisco,WCC,1,Santa Clara,WCC,0,1,0,11-16-2024,/game/6311272
final,Pacific,WCC,3,Saint Mary's (CA),WCC,1,1,0,11-16-2024,/game/6311273
final,Clemson,ACC,1,Wake Forest,ACC,1,0,1,11-17-2024,/game/6381222
final,Dayton,Atlantic 10,3,Saint Louis,Atlantic 10,0,1,0,11-17-2024,/game/6381486
final,FDU,NEC,0,LIU,NEC,0,0,0,11-17-2024,/game/6381297
final,Providence,Big East,1,Georgetown,Big East,2,-1,1,11-17-2024,/game/6381501
final,Charlotte,The American,2,FIU,The American,1,1,1,11-17-2024,/game/6381481
final,Penn,Ivy League,1,Princeton,Ivy League,3,-1,0,11-17-2024,/game/6381932
final,Iona,MAAC,1,Rider,MAAC,0,1,0,11-17-2024,/game/6381543
final,West Virginia,Sun Belt,0,Marshall,Sun Belt,0,0,0,11-17-2024,/game/6381536
final,Vermont,America East,2,Bryant,America East,1,1,0,11-17-2024,/game/6381512
final,ETSU,SoCon,0,Furman,SoCon,2,-1,0,11-17-2024,/game/6381493
final,Ohio St.,Big Ten,1,Michigan,Big Ten,0,1,0,11-17-2024,/game/6381236
