final,George Washington,2,Old Dominion,4,-1,final,08-22-2024,/game/6309614
final,VMI,4,Emory & Henry,2,1,final,08-22-2024,/game/6309615
final,Delaware,3,Howard,0,1,final,08-22-2024,/game/6309616
final,Boston U.,0,New Hampshire,0,0,final,08-22-2024,/game/6309622
final,Villanova,2,Saint Peter's,2,0,final,08-22-2024,/game/6309621
final,LIU,2,Stony Brook,1,1,final,08-22-2024,/game/6309620
final,Robert Morris,0,Bucknell,2,-1,final,08-22-2024,/game/6309617
final,Le Moyne,3,Canisius,2,1,final,08-22-2024,/game/6309618
final,Louisville,2,Jacksonville,0,1,final,08-22-2024,/game/6309630
final,Siena,0,Massachusetts,0,0,final,08-22-2024,/game/6309628
final,Ga. Southern,0,Wofford,0,0,final,08-22-2024,/game/6309625
final,St. Thomas (MN),1,NIU,0,1,final,08-22-2024,/game/6309619
final,Boston College,2,Iona,2,0,final,08-22-2024,/game/6309632
final,Western Mich.,3,Vermont,1,1,final,08-22-2024,/game/6309631
final,Eastern Ill.,3,UChicago,0,1,final,08-22-2024,/game/6309629
final,Sacred Heart,4,Holy Cross,2,1,final,08-22-2024,/game/6309639
final,Niagara,2,UAlbany,3,-1,final,08-22-2024,/game/6309638
final,Temple,1,Army West Point,1,0,final,08-22-2024,/game/6309637
final,UMass Lowell,1,Lafayette,1,0,final,08-22-2024,/game/6309641
final,NC State,3,High Point,2,1,final,08-22-2024,/game/6309635
final,St. Bonaventure,0,Saint Francis,3,-1,final,08-22-2024,/game/6309634
final,FDU,3,Manhattan,2,1,final,08-22-2024,/game/6309642
final,Milwaukee,0,Lindenwood,0,0,final,08-22-2024,/game/6309627
final,Marquette,2,Drexel,0,1,final,08-22-2024,/game/6309633
final,Providence,2,Quinnipiac,0,1,final,08-22-2024,/game/6309656
final,Colgate,0,Syracuse,1,-1,final,08-22-2024,/game/6309665
final,South Carolina,7,Winthrop,1,1,final,08-22-2024,/game/6309664
final,Virginia Tech,4,North Florida,0,1,final,08-22-2024,/game/6309663
final,Virginia,3,Rider,0,1,final,08-22-2024,/game/6309662
final,West Virginia,4,Purdue Fort Wayne,2,1,final,08-22-2024,/game/6309661
final,Mount St. Mary's,0,Binghamton,1,-1,final,08-22-2024,/game/6309660
final,Georgia St.,0,Belmont,0,0,final,08-22-2024,/game/6309659
final,Duquesne,3,Seton Hill,1,1,final,08-22-2024,/game/6309672
final,Butler,2,Southern Ind.,1,1,final,08-22-2024,/game/6309666
final,Navy,0,George Mason,2,-1,final,08-22-2024,/game/6309667
final,American,0,California Baptist,0,0,final,08-22-2024,/game/6309655
final,UMBC,1,Maryland,1,0,final,08-22-2024,/game/6311281
final,Dayton,5,Detroit Mercy,1,1,final,08-22-2024,/game/6309668
final,Lehigh,0,La Salle,0,0,final,08-22-2024,/game/6309679
final,Elon,1,FGCU,0,1,final,08-22-2024,/game/6309670
final,Bellarmine,1,Evansville,2,-1,final,08-22-2024,/game/6309671
final,Xavier,0,Northern Ky.,0,0,final,08-22-2024,/game/6309678
final,UNC Greensboro,3,USC Upstate,0,1,final,08-22-2024,/game/6309674
final,Oakland,1,Omaha,2,-1,final,08-22-2024,/game/6309673
final,Rutgers,3,Northeastern,1,1,final,08-22-2024,/game/6309548
final,Clemson,3,Penn St.,0,1,final,08-22-2024,/game/6309534
final,Hofstra,0,Fordham,0,0,final,08-22-2024,/game/6309651
final,Michigan,1,Loyola Chicago,0,1,final,08-22-2024,/game/6309582
final,Wake Forest,1,VCU,2,-1,final,08-22-2024,/game/6309650
final,Coastal Carolina,2,Col. of Charleston,4,-1,final,08-22-2024,/game/6309648
final,South Fla.,1,Seattle U,4,-1,final,08-22-2024,/game/6309647
final,FIU,0,Seton Hall,1,-1,final,08-22-2024,/game/6309644
final,UAB,0,North Carolina,1,-1,final,08-22-2024,/game/6309640
final,Creighton,0,Fla. Atlantic,0,0,final,08-22-2024,/game/6309636
final,Rhode Island,2,St. John's (NY),0,1,final,08-22-2024,/game/6309682
final,Marshall,3,Cal St. Fullerton,0,1,final,08-22-2024,/game/6309683
final,Saint Joseph's,1,Merrimack,2,-1,final,08-22-2024,/game/6309689
final,California,1,Denver,2,-1,final,08-22-2024,/game/6309623
final,Liberty,5,Mount Olive,0,1,final,08-22-2024,/game/6309684
final,NJIT,1,Loyola Maryland,1,0,final,08-22-2024,/game/6309686
final,Kentucky,3,Oral Roberts,2,1,final,08-22-2024,/game/6309687
final,UConn,6,Stonehill,0,1,final,08-22-2024,/game/6309690
final,UIW,0,IU Indy,2,-1,final,08-22-2024,/game/6309653
final,UCF,3,Mercer,1,1,final,08-22-2024,/game/6309692
final,Furman,1,UNCW,1,0,final,08-22-2024,/game/6309693
final,Pittsburgh,2,Georgetown,0,1,final,08-22-2024,/game/6309695
final,Notre Dame,1,Akron,1,0,final,08-22-2024,/game/6309696
final,Northwestern,2,Green Bay,0,1,final,08-22-2024,/game/6309518
final,Saint Mary's (CA),0,Kansas City,1,-1,final,08-22-2024,/game/6309624
final,Memphis,1,Lipscomb,2,-1,final,08-22-2024,/game/6309649
final,Ohio St.,1,Cleveland St.,1,0,final,08-22-2024,/game/6309502
final,Sacramento St.,1,Utah Valley,3,-1,final,08-22-2024,/game/6309626
final,Houston Christian,2,Gardner-Webb,3,-1,final,08-22-2024,/game/6309669
final,Wisconsin,4,Marist,0,1,final,08-22-2024,/game/6309572
final,Bradley,1,Chicago St.,0,1,final,08-22-2024,/game/6309652
final,ETSU,3,Longwood,1,1,final,08-22-2024,/game/6309699
final,Drake,3,Grand View,0,1,final,08-22-2024,/game/6309685
final,Central Ark.,3,Evangel,0,1,final,08-22-2024,/game/6309691
final,SIUE,1,Michigan St.,1,0,final,08-22-2024,/game/6309561
final,UIC,3,DePaul,4,-1,final,08-22-2024,/game/6309694
final,SMU,1,Air Force,0,1,final,08-22-2024,/game/6309698
final,UC Santa Barbara,3,Missouri St.,1,1,final,08-22-2024,/game/6309645
final,CSU Bakersfield,1,Utah Tech,0,1,final,08-22-2024,/game/6309654
final,Oregon St.,2,UC Irvine,1,1,final,08-22-2024,/game/6309657
final,Stanford,2,San Jose St.,1,1,final,08-22-2024,/game/6309658
final,Gonzaga,4,Northwest (WA),1,1,final,08-22-2024,/game/6309646
final,Pacific,1,UC Davis,0,1,final,08-22-2024,/game/6309676
final,UCLA,2,LMU (CA),0,1,final,08-22-2024,/game/6309592
final,San Diego,2,Duke,2,0,final,08-22-2024,/game/6309681
final,UC San Diego,0,Santa Clara,1,-1,final,08-22-2024,/game/6309680
final,CSUN,0,James Madison,0,0,final,08-22-2024,/game/6309675
final,Grand Canyon,3,Western Ill.,0,1,final,08-22-2024,/game/6309677
final,San Francisco,0,Cal Poly,0,0,final,08-22-2024,/game/6309688
final,UNLV,2,Tulsa,0,1,final,08-22-2024,/game/6309697
final,UNC Asheville,3,Stetson,1,1,final,08-23-2024,/game/6309700
final,Monmouth,4,Fairfield,0,1,final,08-23-2024,/game/6309701
final,Bowling Green,3,Wright St.,2,1,final,08-23-2024,/game/6309702
final,Charlotte,3,Davidson,0,1,final,08-23-2024,/game/6309703
final,Campbell,2,Radford,1,1,final,08-23-2024,/game/6309704
final,Saint Louis,2,Indiana,0,1,final,08-23-2024,/game/6309602
final,San Diego St.,5,UC Riverside,2,1,final,08-23-2024,/game/6309705
final,Portland,2,Washington,1,1,final,08-23-2024,/game/6311274
final,Presbyterian,9,Erskine,0,1,final,08-24-2024,/game/6309706
final,San Francisco,2,Kansas City,2,0,final,08-24-2024,/game/6309707
final,Stonehill,1,Navy,1,0,final,08-25-2024,/game/6309708
final,Binghamton,1,Le Moyne,0,1,final,08-25-2024,/game/6309710
final,George Washington,2,Saint Peter's,1,1,final,08-25-2024,/game/6309713
final,Duquesne,3,Canisius,1,1,final,08-25-2024,/game/6309714
final,Wisconsin,4,Drexel,0,1,final,08-25-2024,/game/6309571
final,Michigan,2,Oakland,1,1,final,08-25-2024,/game/6309583
final,Milwaukee,3,Bradley,2,1,final,08-25-2024,/game/6309711
final,Lindenwood,1,UTRGV,3,-1,final,08-25-2024,/game/6309712
final,Dayton,0,Jacksonville,3,-1,final,08-25-2024,/game/6309719
final,South Carolina,2,North Florida,2,0,final,08-25-2024,/game/6309718
final,Marquette,6,Marist,1,1,final,08-25-2024,/game/6309715
final,UAlbany,0,LIU,1,-1,final,08-25-2024,/game/6309721
final,NIU,4,Chicago St.,2,1,final,08-25-2024,/game/6309717
final,UC Davis,2,Utah Valley,2,0,final,08-25-2024,/game/6309709
final,NC State,1,FGCU,0,1,final,08-25-2024,/game/6309724
final,Mount St. Mary's,3,Robert Morris,3,0,final,08-25-2024,/game/6309725
final,Cleveland St.,1,St. Bonaventure,0,1,final,08-25-2024,/game/6309726
final,UCF,1,Seattle U,1,0,final,08-25-2024,/game/6309727
final,Northwestern,2,DePaul,1,1,final,08-25-2024,/game/6309519
final,California,1,Sacramento St.,0,1,final,08-25-2024,/game/6309716
final,Penn St.,2,Army West Point,1,1,final,08-25-2024,/game/6309535
final,USC Upstate,2,ETSU,0,1,final,08-25-2024,/game/6309739
final,New Hampshire,0,Western Mich.,1,-1,final,08-25-2024,/game/6309738
final,UMass Lowell,2,Central Conn. St.,0,1,final,08-25-2024,/game/6309737
final,Winthrop,1,Furman,2,-1,final,08-25-2024,/game/6309740
final,Creighton,5,Drake,3,1,final,08-25-2024,/game/6309730
final,Butler,1,Western Ill.,1,0,final,08-25-2024,/game/6309735
final,American,1,Hofstra,4,-1,final,08-25-2024,/game/6309734
final,San Jose St.,1,CSU Bakersfield,1,0,final,08-25-2024,/game/6309720
final,SMU,1,Oral Roberts,1,0,final,08-25-2024,/game/6309731
final,UNC Greensboro,1,Coastal Carolina,0,1,final,08-25-2024,/game/6309750
final,Pittsburgh,2,Mercyhurst,0,1,final,08-25-2024,/game/6309749
final,Campbell,2,N.C. Wesleyan,0,1,final,08-25-2024,/game/6309751
final,Temple,3,Villanova,2,1,final,08-25-2024,/game/6309747
final,Virginia,0,Colgate,1,-1,final,08-25-2024,/game/6309746
final,Syracuse,3,Niagara,0,1,final,08-25-2024,/game/6309752
final,Xavier,4,Cal St. Fullerton,1,1,final,08-25-2024,/game/6309753
final,Wake Forest,3,Central Ark.,2,1,final,08-25-2024,/game/6309743
final,South Fla.,0,Mercer,0,0,final,08-25-2024,/game/6309742
final,LMU (CA),1,CSUN,2,-1,final,08-25-2024,/game/6309722
final,Stanford,0,Denver,1,-1,final,08-25-2024,/game/6309723
final,Omaha,3,Fla. Atlantic,2,1,final,08-25-2024,/game/6309736
final,Akron,0,Ohio St.,2,-1,final,08-25-2024,/game/6309503
final,Memphis,0,Evansville,3,-1,final,08-25-2024,/game/6309733
final,Belmont,3,Southern Ind.,0,1,final,08-25-2024,/game/6309732
final,North Carolina,0,California Baptist,0,0,final,08-25-2024,/game/6309754
final,Northern Ky.,1,Bellarmine,2,-1,final,08-25-2024,/game/6309755
final,St. John's (NY),1,Stony Brook,1,0,final,08-25-2024,/game/6309756
final,Maryland,0,Georgetown,2,-1,final,08-25-2024,/game/6311282
final,Houston Christian,0,IU Indy,1,-1,final,08-25-2024,/game/6309748
final,UIC,4,Green Bay,2,1,final,08-25-2024,/game/6309745
final,UIW,1,Gardner-Webb,1,0,final,08-25-2024,/game/6309744
final,Saint Mary's (CA),2,Cal Poly,0,1,final,08-25-2024,/game/6309728
final,Gonzaga,6,St. Thomas (MN),1,1,final,08-25-2024,/game/6309729
final,UC San Diego,2,Duke,3,-1,final,08-25-2024,/game/6309741
final,UCLA,0,James Madison,0,0,final,08-25-2024,/game/6309593
final,VMI,4,Warren Wilson,0,1,final,08-26-2024,/game/6309757
final,Eastern Ill.,1,Detroit Mercy,5,-1,final,08-26-2024,/game/6309758
final,Boston College,1,Providence,1,0,final,08-26-2024,/game/6309759
final,Bryant,0,Massachusetts,0,0,final,08-26-2024,/game/6309760
final,Stetson,1,FIU,0,1,final,08-26-2024,/game/6309761
final,Lehigh,1,Rider,0,1,final,08-26-2024,/game/6309762
final,Michigan St.,0,Bowling Green,1,-1,final,08-26-2024,/game/6309562
final,La Salle,0,NJIT,3,-1,final,08-26-2024,/game/6309769
final,VCU,3,Old Dominion,1,1,final,08-26-2024,/game/6309768
final,Longwood,2,Liberty,2,0,final,08-26-2024,/game/6309767
final,FDU,4,Fairfield,3,1,final,08-26-2024,/game/6309766
final,Elon,5,Radford,0,1,final,08-26-2024,/game/6309765
final,Rutgers,1,Delaware,4,-1,final,08-26-2024,/game/6309549
final,West Virginia,4,Saint Francis,0,1,final,08-26-2024,/game/6309763
final,Rhode Island,1,Quinnipiac,0,1,final,08-26-2024,/game/6309771
final,UMBC,3,Howard,2,1,final,08-26-2024,/game/6309772
final,Missouri St.,3,Pacific,0,1,final,08-26-2024,/game/6309764
final,San Diego,3,San Diego St.,0,1,final,08-26-2024,/game/6309770
final,Washington,1,Oregon St.,0,1,final,08-26-2024,/game/6311275
final,Northeastern,1,Boston U.,1,0,final,08-27-2024,/game/6309773
final,Holy Cross,3,Merrimack,0,1,final,08-27-2024,/game/6309774
final,Virginia Tech,2,UNC Asheville,0,1,final,08-27-2024,/game/6309775
final,High Point,1,Davidson,1,0,final,08-27-2024,/game/6309776
final,UAB,1,Georgia St.,0,1,final,08-27-2024,/game/6309777
final,Sacred Heart,1,Fordham,2,-1,final,08-28-2024,/game/6309778
final,Binghamton,0,William & Mary,3,-1,final,08-28-2024,/game/6309779
final,Lafayette,1,Siena,0,1,final,08-28-2024,/game/6309780
final,Tulsa,1,Louisville,2,-1,final,08-28-2024,/game/6309781
final,Green Bay,3,Southern Ind.,2,1,final,08-29-2024,/game/6309782
final,St. Thomas (MN),1,DePaul,1,0,final,08-29-2024,/game/6309784
pre,VMI,,Robert Morris,,0,pre,08-29-2024,/game/6309785
final,Saint Peter's,0,UMass Lowell,3,-1,final,08-29-2024,/game/6309783
final,Jacksonville,0,Mercer,1,-1,final,08-29-2024,/game/6309786
final,Wright St.,4,Lindenwood,1,1,final,08-29-2024,/game/6309788
final,Fla. Atlantic,5,Stetson,1,1,final,08-29-2024,/game/6309793
final,Dayton,3,UNLV,1,1,final,08-29-2024,/game/6309794
final,ETSU,1,Presbyterian,1,0,final,08-29-2024,/game/6309789
final,Eastern Ill.,0,Purdue Fort Wayne,3,-1,final,08-29-2024,/game/6309787
final,Stony Brook,0,Rider,1,-1,final,08-29-2024,/game/6309796
final,Seton Hall,2,UAlbany,1,1,final,08-29-2024,/game/6309819
final,UConn,2,NJIT,1,1,final,08-29-2024,/game/6309818
final,North Carolina,3,FIU,1,1,final,08-29-2024,/game/6309808
final,Xavier,2,Marshall,0,1,final,08-29-2024,/game/6309820
final,USC Upstate,1,Col. of Charleston,5,-1,final,08-29-2024,/game/6309817
final,Campbell,1,Old Dominion,0,1,final,08-29-2024,/game/6309816
final,Central Conn. St.,0,Bryant,2,-1,final,08-29-2024,/game/6309814
final,Colgate,3,Stonehill,1,1,final,08-29-2024,/game/6309813
final,Temple,0,Monmouth,2,-1,final,08-29-2024,/game/6309812
final,Canisius,1,St. Bonaventure,2,-1,final,08-29-2024,/game/6309811
final,Virginia,5,Saint Joseph's,0,1,final,08-29-2024,/game/6309809
final,Loyola Maryland,0,Iona,2,-1,final,08-29-2024,/game/6309807
final,Queens (NC),1,Wofford,2,-1,final,08-29-2024,/game/6309805
final,Hofstra,2,Providence,0,1,final,08-29-2024,/game/6309802
final,Coastal Carolina,0,Elon,3,-1,final,08-29-2024,/game/6309800
final,South Fla.,2,Eckerd,0,1,final,08-29-2024,/game/6309798
final,Omaha,1,San Francisco,0,1,final,08-29-2024,/game/6309791
final,St. John's (NY),2,Manhattan,1,1,final,08-29-2024,/game/6309823
final,North Florida,3,Winthrop,1,1,final,08-29-2024,/game/6309822
final,Belmont,2,Northern Ky.,1,1,final,08-29-2024,/game/6309795
final,Bradley,4,Western Ill.,0,1,final,08-29-2024,/game/6309803
final,Ohio St.,4,SIUE,0,1,final,08-29-2024,/game/6309504
final,Creighton,1,Loyola Chicago,1,0,final,08-29-2024,/game/6309810
final,Syracuse,2,Charlotte,2,0,final,08-29-2024,/game/6309826
final,Houston Christian,4,North American,1,1,final,08-29-2024,/game/6309815
final,Air Force,1,Army West Point,2,-1,final,08-29-2024,/game/6309790
final,Indiana,2,Notre Dame,2,0,final,08-29-2024,/game/6309603
final,Wisconsin,5,UIC,1,1,final,08-29-2024,/game/6309573
final,Memphis,5,NIU,1,1,final,08-29-2024,/game/6309825
final,Utah Valley,3,UC San Diego,1,1,final,08-29-2024,/game/6309804
final,Oral Roberts,1,Cal Poly,0,1,final,08-29-2024,/game/6309827
final,SMU,1,Saint Louis,0,1,final,08-29-2024,/game/6309828
final,San Diego St.,2,Mercyhurst,1,1,final,08-29-2024,/game/6309821
final,Gonzaga,2,UIW,0,1,final,08-29-2024,/game/6309797
final,UC Irvine,1,Vermont,1,0,final,08-29-2024,/game/6309799
final,LMU (CA),1,California,0,1,final,08-29-2024,/game/6309801
final,Kansas City,0,UC Santa Barbara,3,-1,final,08-29-2024,/game/6309830
final,Stanford,5,Cal St. Fullerton,0,1,final,08-29-2024,/game/6309806
final,San Diego,8,Lipscomb,1,1,final,08-29-2024,/game/6309824
final,Washington,2,Denver,2,0,final,08-29-2024,/game/6311276
final,UC Riverside,1,Utah Tech,2,-1,final,08-29-2024,/game/6309829
final,Michigan St.,1,Villanova,0,1,final,08-30-2024,/game/6311288
final,Georgetown,1,UNC Greensboro,0,1,final,08-30-2024,/game/6309831
final,Quinnipiac,2,Columbia,0,1,final,08-30-2024,/game/6309832
final,Western Mich.,1,Akron,1,0,final,08-30-2024,/game/6309834
final,Drexel,3,La Salle,2,1,final,08-30-2024,/game/6309835
final,Yale,0,Marquette,1,-1,final,08-30-2024,/game/6309836
final,Penn St.,1,Pittsburgh,2,-1,final,08-30-2024,/game/6309536
final,Rutgers,3,Princeton,1,1,final,08-30-2024,/game/6309550
final,Michigan,1,Oregon St.,1,0,final,08-30-2024,/game/6309584
final,Duke,2,Grand Canyon,3,-1,final,08-30-2024,/game/6309833
final,IU Indy,1,Bowling Green,4,-1,final,08-30-2024,/game/6309837
final,George Mason,4,Delaware,2,1,final,08-30-2024,/game/6309838
final,UNCW,1,American,0,1,final,08-30-2024,/game/6309839
final,Ga. Southern,2,FGCU,0,1,final,08-30-2024,/game/6309840
final,Furman,2,North Greenville,1,1,final,08-30-2024,/game/6309841
final,UMBC,4,Niagara,0,1,final,08-30-2024,/game/6309842
final,West Virginia,4,George Washington,0,1,final,08-30-2024,/game/6309843
final,South Carolina,2,Clemson,2,0,final,08-30-2024,/game/6309844
final,Boston College,2,Dartmouth,1,1,final,08-30-2024,/game/6309845
final,Navy,0,FDU,0,0,final,08-30-2024,/game/6309847
final,Brown,2,Lehigh,1,1,final,08-30-2024,/game/6309848
final,Cleveland St.,3,Chicago St.,1,1,final,08-30-2024,/game/6309849
final,Maryland,5,Detroit Mercy,2,1,final,08-30-2024,/game/6343726
final,Northwestern,2,Drake,1,1,final,08-30-2024,/game/6309520
final,UCLA,2,Portland,0,1,final,08-30-2024,/game/6309594
final,Butler,2,Oakland,1,1,final,08-31-2024,/game/6309846
final,Bucknell,2,Mount St. Mary's,0,1,final,08-31-2024,/game/6309792
final,Bradley,1,Purdue Fort Wayne,0,1,final,08-31-2024,/game/6309850
final,Harvard,1,Holy Cross,1,0,final,08-31-2024,/game/6309852
final,Cornell,3,Marist,0,1,final,08-31-2024,/game/6309853
final,New Hampshire,3,William & Mary,2,1,final,08-31-2024,/game/6309854
final,UCF,1,Wake Forest,1,0,final,08-31-2024,/game/6309855
final,James Madison,2,NC State,2,0,final,08-31-2024,/game/6309856
final,Fairfield,2,Lafayette,3,-1,final,08-31-2024,/game/6309858
final,VCU,1,High Point,1,0,final,08-31-2024,/game/6309859
final,UC Davis,2,Santa Clara,1,1,final,08-31-2024,/game/6309851
final,California Baptist,4,CSU Bakersfield,1,1,final,08-31-2024,/game/6309857
final,Northeastern,0,Siena,0,0,final,09-01-2024,/game/6309860
final,Fordham,3,Colgate,2,1,final,09-01-2024,/game/6309861
final,Saint Francis,1,Wright St.,3,-1,final,09-01-2024,/game/6309863
final,Stonehill,0,Rhode Island,1,-1,final,09-01-2024,/game/6309864
final,Seton Hall,1,Manhattan,0,1,final,09-01-2024,/game/6309866
final,Omaha,1,Loyola Chicago,0,1,final,09-01-2024,/game/6309862
final,NIU,1,Green Bay,2,-1,final,09-01-2024,/game/6309865
final,Liberty,1,Georgia St.,2,-1,final,09-01-2024,/game/6309867
final,Duke,14,Averett,1,1,final,09-01-2024,/game/6309869
final,UAB,1,Northern Ky.,1,0,final,09-01-2024,/game/6309868
final,Dayton,4,SIUE,0,1,final,09-01-2024,/game/6309870
final,Merrimack,0,Boston College,1,-1,final,09-01-2024,/game/6309871
final,Xavier,0,Duquesne,1,-1,final,09-01-2024,/game/6309872
final,UNC Asheville,3,VMI,0,1,final,09-01-2024,/game/6309873
final,Gardner-Webb,3,Barton,1,1,final,09-01-2024,/game/6309877
final,Western Ill.,2,Quincy,0,1,final,09-01-2024,/game/6309876
final,UMass Lowell,1,Boston U.,1,0,final,09-01-2024,/game/6309882
final,Jacksonville,1,Winthrop,1,0,final,09-01-2024,/game/6309885
final,Fla. Atlantic,3,Belmont,1,1,final,09-01-2024,/game/6309883
final,Ohio St.,3,UNLV,2,1,final,09-01-2024,/game/6309505
final,UC Irvine,3,Mercyhurst,1,1,final,09-01-2024,/game/6309874
final,SMU,2,Denver,2,0,final,09-01-2024,/game/6309878
final,Memphis,0,Central Ark.,3,-1,final,09-01-2024,/game/6309879
final,Creighton,4,San Francisco,2,1,final,09-01-2024,/game/6309881
final,Monmouth,1,Iona,1,0,final,09-01-2024,/game/6309887
final,Penn,1,Pittsburgh,0,1,final,09-01-2024,/game/6309889
final,Old Dominion,1,Radford,0,1,final,09-01-2024,/game/6309890
final,UConn,0,LIU,0,0,final,09-01-2024,/game/6309893
final,North Florida,0,Mercer,0,0,final,09-01-2024,/game/6309896
final,St. John's (NY),3,UAlbany,0,1,final,09-01-2024,/game/6309898
final,Indiana,2,Yale,0,1,final,09-01-2024,/game/6309604
final,Stanford,4,Saint Mary's (CA),1,1,final,09-01-2024,/game/6309875
final,Oral Roberts,2,UC Santa Barbara,1,1,final,09-01-2024,/game/6309888
final,Evansville,3,Southern Ind.,1,1,final,09-01-2024,/game/6309891
final,Tulsa,3,Cal Poly,2,1,final,09-01-2024,/game/6309895
final,Cal St. Fullerton,6,Utah Tech,1,1,final,09-01-2024,/game/6309880
final,San Jose St.,2,Sacramento St.,1,1,final,09-01-2024,/game/6309884
final,Air Force,1,Washington,2,-1,final,09-01-2024,/game/6311277
final,Gonzaga,2,Houston Christian,1,1,final,09-01-2024,/game/6309886
final,CSUN,0,California,1,-1,final,09-01-2024,/game/6309892
final,UC San Diego,2,Lipscomb,2,0,final,09-01-2024,/game/6309894
final,UC Riverside,0,Pacific,2,-1,final,09-01-2024,/game/6309897
final,Michigan St.,1,Oregon St.,2,-1,final,09-02-2024,/game/6309563
final,Georgetown,0,FIU,0,0,final,09-02-2024,/game/6309899
final,Marshall,6,Loyola Maryland,1,1,final,09-02-2024,/game/6309900
final,Canisius,3,Central Conn. St.,0,1,final,09-02-2024,/game/6309901
final,Rider,3,Saint Joseph's,1,1,final,09-02-2024,/game/6309902
final,Michigan,2,Bowling Green,0,1,final,09-02-2024,/game/6309585
final,DePaul,1,Drake,2,-1,final,09-02-2024,/game/6309903
final,Western Mich.,5,Villanova,1,1,final,09-02-2024,/game/6309904
final,Detroit Mercy,1,Chicago St.,2,-1,final,09-02-2024,/game/6309905
final,Massachusetts,1,Providence,2,-1,final,09-02-2024,/game/6309906
final,Penn St.,4,St. Bonaventure,0,1,final,09-02-2024,/game/6309537
final,UMBC,0,FDU,1,-1,final,09-02-2024,/game/6309907
final,Hofstra,3,Binghamton,2,1,final,09-02-2024,/game/6309909
final,Milwaukee,1,St. Thomas (MN),1,0,final,09-02-2024,/game/6309908
final,Army West Point,0,Sacred Heart,1,-1,final,09-02-2024,/game/6309910
final,Davidson,0,Campbell,0,0,final,09-02-2024,/game/6309911
final,Col. of Charleston,3,Stetson,2,1,final,09-02-2024,/game/6309912
final,Lehigh,0,Rutgers,2,-1,final,09-02-2024,/game/6309551
final,Charlotte,2,Furman,0,1,final,09-02-2024,/game/6309916
final,Maryland,1,Virginia,1,0,final,09-02-2024,/game/6311283
final,Louisville,3,Bellarmine,1,1,final,09-02-2024,/game/6309923
final,Syracuse,0,Le Moyne,1,-1,final,09-02-2024,/game/6309922
final,Elon,2,Grand Canyon,1,1,final,09-02-2024,/game/6309920
final,Navy,3,Niagara,0,1,final,09-02-2024,/game/6309919
final,Akron,3,Cleveland St.,3,0,final,09-02-2024,/game/6309918
final,UNCW,1,South Fla.,1,0,final,09-02-2024,/game/6309913
final,American,0,Temple,0,0,final,09-02-2024,/game/6309914
final,Queens (NC),3,Presbyterian,1,1,final,09-02-2024,/game/6309915
final,North Carolina,6,ETSU,0,1,final,09-02-2024,/game/6309925
final,Kentucky,2,Virginia Tech,2,0,final,09-02-2024,/game/6309926
final,Saint Louis,1,IU Indy,1,0,final,09-02-2024,/game/6309921
final,Wisconsin,2,Marquette,1,1,final,09-02-2024,/game/6309574
final,UIC,0,Northwestern,1,-1,final,09-02-2024,/game/6309521
final,Missouri St.,2,Kansas City,3,-1,final,09-02-2024,/game/6309917
final,San Diego St.,0,Vermont,1,-1,final,09-02-2024,/game/6309924
final,Portland,7,Multnomah,2,1,final,09-02-2024,/game/6343754
final,Stony Brook,3,George Washington,0,1,final,09-03-2024,/game/6309927
final,Delaware,4,Saint Peter's,0,1,final,09-03-2024,/game/6309930
final,George Mason,1,Bucknell,0,1,final,09-03-2024,/game/6309929
final,Coastal Carolina,2,USC Upstate,1,1,final,09-03-2024,/game/6309928
final,Robert Morris,2,Saint Francis,1,1,final,09-04-2024,/game/6309931
final,LIU,1,UMass Lowell,3,-1,final,09-04-2024,/game/6309932
postponed,Jacksonville,0,South Carolina,3,-1,postponed,09-04-2024,/game/6309937
final,Fairfield,2,Stonehill,3,-1,final,09-04-2024,/game/6309936
final,Butler,1,Indiana,1,0,final,09-04-2024,/game/6309605
final,William & Mary,2,Longwood,0,1,final,09-04-2024,/game/6309934
final,UTRGV,5,TAMU-San Antonio,0,1,final,09-04-2024,/game/6309933
final,Evansville,1,Eastern Ill.,0,1,final,09-04-2024,/game/6309935
final,San Diego,1,Washington,1,0,final,09-04-2024,/game/6311278
final,Marquette,0,Purdue Fort Wayne,0,0,final,09-05-2024,/game/6309946
final,Boston U.,1,Saint Mary's (CA),1,0,final,09-05-2024,/game/6309938
final,Virginia Tech,2,Presbyterian,1,1,final,09-05-2024,/game/6309939
final,Dartmouth,4,FDU,1,1,final,09-05-2024,/game/6309940
final,Western Ill.,4,St. Ambrose,2,1,final,09-05-2024,/game/6309941
final,Army West Point,0,Marist,1,-1,final,09-05-2024,/game/6309944
final,Central Ark.,1,Oral Roberts,0,1,final,09-05-2024,/game/6309942
final,Bryant,1,Merrimack,0,1,final,09-05-2024,/game/6309945
final,Fordham,4,Santa Clara,0,1,final,09-05-2024,/game/6309947
final,Fla. Atlantic,0,Utah Valley,1,-1,final,09-05-2024,/game/6309949
final,Duquesne,1,Niagara,0,1,final,09-05-2024,/game/6309950
final,Xavier,2,Bradley,2,0,final,09-05-2024,/game/6309953
final,Cleveland St.,0,Mercyhurst,2,-1,final,09-05-2024,/game/6309954
final,UAlbany,0,Siena,1,-1,final,09-05-2024,/game/6309955
final,Mercer,2,Memphis,0,1,final,09-05-2024,/game/6309959
final,Rhode Island,1,Harvard,1,0,final,09-05-2024,/game/6309956
final,Lipscomb,2,Georgia St.,1,1,final,09-05-2024,/game/6309952
final,Loyola Chicago,4,Wright St.,2,1,final,09-05-2024,/game/6309958
final,UCLA,1,Cal St. Fullerton,3,-1,final,09-05-2024,/game/6309595
final,Gonzaga,2,Utah Tech,0,1,final,09-05-2024,/game/6309943
final,Portland,2,CSU Bakersfield,3,-1,final,09-05-2024,/game/6309948
final,CSUN,0,Pacific,0,0,final,09-05-2024,/game/6309951
final,Cal Poly,1,San Jose St.,0,1,final,09-05-2024,/game/6309957
final,North Florida,0,UAB,1,-1,final,09-06-2024,/game/6309981
final,Drake,1,Houston Christian,0,1,final,09-06-2024,/game/6309960
final,Georgetown,2,Cornell,2,0,final,09-06-2024,/game/6309961
final,Green Bay,1,Chicago St.,0,1,final,09-06-2024,/game/6309962
final,Western Mich.,1,Northwestern,0,1,final,09-06-2024,/game/6309533
final,Virginia,0,Duke,1,-1,final,09-06-2024,/game/6309963
final,Canisius,2,VMI,0,1,final,09-06-2024,/game/6309964
final,Sacred Heart,5,Lehigh,0,1,final,09-06-2024,/game/6309965
final,La Salle,1,Mount St. Mary's,0,1,final,09-06-2024,/game/6309967
final,Binghamton,1,Colgate,1,0,final,09-06-2024,/game/6309969
final,Michigan St.,1,Air Force,1,0,final,09-06-2024,/game/6309564
final,Michigan,2,Detroit Mercy,0,1,final,09-06-2024,/game/6309586
final,Winthrop,2,Queens (NC),1,1,final,09-06-2024,/game/6309968
final,UCF,5,UC Irvine,1,1,final,09-06-2024,/game/6309970
final,South Fla.,3,FGCU,3,0,final,09-06-2024,/game/6309972
final,Penn,4,Temple,0,1,final,09-06-2024,/game/6309974
final,Clemson,2,Stanford,3,-1,final,09-06-2024,/game/6309975
final,Loyola Maryland,0,Saint Joseph's,0,0,final,09-06-2024,/game/6309976
final,North Carolina,2,St. John's (NY),2,0,final,09-06-2024,/game/6309977
final,Akron,4,VCU,0,1,final,09-06-2024,/game/6309979
final,Boston College,1,Syracuse,1,0,final,09-06-2024,/game/6309980
final,Davidson,2,UNC Greensboro,2,0,final,09-06-2024,/game/6309982
final,Stetson,1,Ga. Southern,2,-1,final,09-06-2024,/game/6309984
final,Old Dominion,1,UMBC,1,0,final,09-06-2024,/game/6309985
final,Central Conn. St.,1,UConn,2,-1,final,09-06-2024,/game/6309986
final,Oakland,0,UIC,1,-1,final,09-06-2024,/game/6309988
final,USC Upstate,2,Liberty,5,-1,final,09-06-2024,/game/6309989
final,Col. of Charleston,2,Jacksonville,0,1,final,09-06-2024,/game/6309990
final,Gardner-Webb,3,Wake Forest,1,1,final,09-06-2024,/game/6309992
final,Louisville,1,Notre Dame,2,-1,final,09-06-2024,/game/6309993
final,Seton Hall,2,Columbia,0,1,final,09-06-2024,/game/6309994
final,Princeton,2,New Hampshire,3,-1,final,09-06-2024,/game/6309996
final,Providence,1,Rutgers,0,1,final,09-06-2024,/game/6343759
final,Marshall,2,High Point,0,1,final,09-06-2024,/game/6309997
final,Kentucky,0,Wisconsin,1,-1,final,09-06-2024,/game/6309575
final,Maryland,2,Brown,1,1,final,09-06-2024,/game/6311284
final,Missouri St.,1,Tulsa,0,1,final,09-06-2024,/game/6309978
final,Lindenwood,3,Evansville,2,1,final,09-06-2024,/game/6309987
final,NIU,2,Kansas City,6,-1,final,09-06-2024,/game/6309991
final,NC State,2,California,1,1,final,09-06-2024,/game/6309999
final,Creighton,1,Denver,3,-1,final,09-06-2024,/game/6309998
final,Grand Canyon,2,Omaha,0,1,final,09-06-2024,/game/6309966
final,UC Santa Barbara,4,UNLV,1,1,final,09-06-2024,/game/6309971
final,LMU (CA),1,UC Riverside,2,-1,final,09-06-2024,/game/6309973
final,Seattle U,3,San Francisco,2,1,final,09-06-2024,/game/6309983
final,San Diego St.,1,Sacramento St.,0,1,final,09-06-2024,/game/6309995
final,St. Thomas (MN),3,St. Cloud St.,2,1,final,09-07-2024,/game/6310000
final,Northeastern,0,Campbell,1,-1,final,09-07-2024,/game/6310001
final,ETSU,2,UNCW,2,0,final,09-07-2024,/game/6310002
final,Le Moyne,2,Delaware,2,0,final,09-07-2024,/game/6310003
final,Vermont,1,American,1,0,final,09-07-2024,/game/6310004
final,George Washington,0,Rider,4,-1,final,09-07-2024,/game/6310005
final,Stonehill,2,Iona,1,1,final,09-07-2024,/game/6310006
final,Longwood,2,Navy,1,1,final,09-07-2024,/game/6310007
final,Elon,3,Drexel,1,1,final,09-07-2024,/game/6310008
final,Bellarmine,0,UNC Asheville,0,0,final,09-07-2024,/game/6310009
final,Villanova,1,Lafayette,1,0,final,09-07-2024,/game/6310010
final,Quinnipiac,1,St. Bonaventure,2,-1,final,09-07-2024,/game/6310011
final,William & Mary,0,Hofstra,1,-1,final,09-07-2024,/game/6310012
final,UMass Lowell,2,Holy Cross,1,1,final,09-07-2024,/game/6310013
final,Radford,0,Wofford,1,-1,final,09-07-2024,/game/6310014
final,Manhattan,2,LIU,1,1,final,09-07-2024,/game/6310015
final,Monmouth,2,Stony Brook,2,0,final,09-07-2024,/game/6310018
final,George Mason,4,Howard,3,1,final,09-07-2024,/game/6310019
final,South Carolina,2,Belmont,1,1,final,09-07-2024,/game/6310020
final,NJIT,4,Saint Peter's,0,1,final,09-07-2024,/game/6310021
final,Bucknell,0,Saint Francis,3,-1,final,09-07-2024,/game/6310022
final,Bowling Green,3,Butler,2,1,final,09-07-2024,/game/6310023
final,Yale,3,Massachusetts,4,-1,final,09-07-2024,/game/6310024
final,UTRGV,1,UIW,2,-1,final,09-07-2024,/game/6310016
final,SMU,1,Pittsburgh,3,-1,final,09-07-2024,/game/6310017
final,Mercer,2,Southern Ind.,0,1,final,09-08-2024,/game/6310025
final,Western Mich.,5,Air Force,1,1,final,09-08-2024,/game/6310026
final,Northern Ky.,3,Western Ill.,0,1,final,09-08-2024,/game/6310028
final,Dartmouth,2,Saint Mary's (CA),2,0,final,09-08-2024,/game/6310030
final,Niagara,5,VMI,0,1,final,09-08-2024,/game/6310031
final,DePaul,4,Wright St.,1,1,final,09-08-2024,/game/6310032
final,Oregon St.,1,UC Davis,2,-1,final,09-08-2024,/game/6310027
final,Cal Poly,3,Gonzaga,0,1,final,09-08-2024,/game/6310029
final,Lindenwood,5,Westminster (MO),0,1,final,09-08-2024,/game/6310033
final,Furman,0,Virginia Tech,3,-1,final,09-08-2024,/game/6310034
final,Georgia St.,1,Memphis,3,-1,final,09-08-2024,/game/6310036
final,Boston U.,1,Santa Clara,2,-1,final,09-08-2024,/game/6310037
final,Ohio St.,3,Xavier,1,1,final,09-08-2024,/game/6309506
final,FGCU,0,Utah Valley,2,-1,final,09-08-2024,/game/6310042
final,SIUE,1,Saint Louis,0,1,final,09-08-2024,/game/6310038
final,Lipscomb,2,Charlotte,3,-1,final,09-08-2024,/game/6310041
final,Portland,1,Utah Tech,1,0,final,09-08-2024,/game/6310039
final,California Baptist,2,West Virginia,3,-1,final,09-08-2024,/game/6310040
final,UC San Diego,1,San Diego,2,-1,final,09-08-2024,/game/6310043
final,Stetson,1,UAB,1,0,final,09-09-2024,/game/6310045
final,Bradley,1,Green Bay,2,-1,final,09-09-2024,/game/6310044
final,Robert Morris,0,Mercyhurst,1,-1,final,09-09-2024,/game/6310035
final,Saint Joseph's,2,Army West Point,1,1,final,09-09-2024,/game/6310046
final,Ga. Southern,4,North Florida,1,1,final,09-09-2024,/game/6310055
final,Maryland,1,San Diego St.,1,0,final,09-09-2024,/game/6311285
final,Marist,0,UAlbany,2,-1,final,09-09-2024,/game/6310061
final,Penn St.,2,Cornell,3,-1,final,09-09-2024,/game/6309538
final,UConn,2,Siena,1,1,final,09-09-2024,/game/6310060
final,Northwestern,1,Marquette,0,1,final,09-09-2024,/game/6309522
final,Rutgers,1,Seton Hall,3,-1,final,09-09-2024,/game/6309552
final,Oakland,3,Michigan St.,0,1,final,09-09-2024,/game/6309565
final,Akron,1,IU Indy,2,-1,final,09-09-2024,/game/6310054
final,James Madison,1,Georgetown,0,1,final,09-09-2024,/game/6310053
final,Penn,3,Fordham,1,1,final,09-09-2024,/game/6310052
final,Providence,0,Rhode Island,1,-1,final,09-09-2024,/game/6310051
final,South Fla.,2,UC Irvine,1,1,final,09-09-2024,/game/6310047
final,Wake Forest,1,Radford,0,1,final,09-09-2024,/game/6310049
final,Coastal Carolina,2,Presbyterian,3,-1,final,09-09-2024,/game/6310048
final,Kentucky,0,Louisville,1,-1,final,09-09-2024,/game/6310063
final,Drake,2,Kansas City,0,1,final,09-09-2024,/game/6310050
final,Indiana,0,Dayton,2,-1,final,09-09-2024,/game/6309606
final,Omaha,2,Houston Christian,2,0,final,09-09-2024,/game/6310056
final,Chicago St.,0,Milwaukee,3,-1,final,09-09-2024,/game/6310057
final,Grand Canyon,0,Creighton,1,-1,final,09-09-2024,/game/6310059
final,UCLA,0,Denver,0,0,final,09-09-2024,/game/6309596
final,Pacific,0,UC Santa Barbara,1,-1,final,09-09-2024,/game/6310058
final,Washington,2,Seattle U,1,1,final,09-09-2024,/game/6311279
final,Quinnipiac,5,Central Conn. St.,1,1,final,09-10-2024,/game/6310064
final,Queens (NC),1,Col. of Charleston,3,-1,final,09-10-2024,/game/6310067
final,UNC Asheville,1,Wofford,0,1,final,09-10-2024,/game/6310065
final,Lehigh,2,Vermont,3,-1,final,09-10-2024,/game/6310071
final,Drexel,2,Temple,0,1,final,09-10-2024,/game/6310070
final,NC State,7,Winthrop,0,1,final,09-10-2024,/game/6310069
final,Holy Cross,0,Stonehill,1,-1,final,09-10-2024,/game/6310068
final,Northeastern,4,Merrimack,1,1,final,09-10-2024,/game/6310066
final,Bellarmine,1,Belmont,1,0,final,09-10-2024,/game/6310072
final,Clemson,6,Loyola Maryland,0,1,final,09-10-2024,/game/6310076
final,Bryant,3,Iona,1,1,final,09-10-2024,/game/6310078
final,Monmouth,1,La Salle,0,1,final,09-10-2024,/game/6310073
final,UNCW,0,George Mason,1,-1,final,09-10-2024,/game/6310075
final,Lafayette,0,Binghamton,1,-1,final,09-10-2024,/game/6310088
final,Brown,0,FDU,0,0,final,09-10-2024,/game/6310087
final,St. John's (NY),1,Princeton,2,-1,final,09-10-2024,/game/6310086
final,Butler,4,Evansville,1,1,final,09-10-2024,/game/6310081
final,South Carolina,4,USC Upstate,0,1,final,09-10-2024,/game/6310079
final,Old Dominion,2,William & Mary,0,1,final,09-10-2024,/game/6310080
final,Delaware,2,Mount St. Mary's,1,1,final,09-10-2024,/game/6310085
final,Navy,0,George Washington,1,-1,final,09-10-2024,/game/6310082
final,UNC Greensboro,2,Longwood,0,1,final,09-10-2024,/game/6310084
final,Sacred Heart,1,NJIT,0,1,final,09-10-2024,/game/6310083
final,Marshall,2,Gardner-Webb,0,1,final,09-10-2024,/game/6310091
final,Central Ark.,0,Missouri St.,2,-1,final,09-10-2024,/game/6310089
final,Tulsa,2,Oral Roberts,2,0,final,09-10-2024,/game/6310090
final,Notre Dame,1,Duquesne,1,0,final,09-10-2024,/game/6310092
final,LMU (CA),0,West Virginia,0,0,final,09-10-2024,/game/6310074
final,Stanford,3,UC Riverside,0,1,final,09-10-2024,/game/6310077
final,LIU,2,Fairfield,1,1,final,09-11-2024,/game/6310093
final,Le Moyne,2,Saint Peter's,0,1,final,09-11-2024,/game/6310094
final,Massachusetts,7,UMass Lowell,1,1,final,09-11-2024,/game/6310095
final,Manhattan,1,Columbia,0,1,final,09-11-2024,/game/6310096
final,Davidson,0,Furman,0,0,final,09-11-2024,/game/6310097
final,FIU,4,UCF,3,1,final,09-11-2024,/game/6310098
final,High Point,1,ETSU,0,1,final,09-11-2024,/game/6310099
final,Purdue Fort Wayne,10,Ind.-East,0,1,final,09-11-2024,/game/6310102
final,Campbell,1,VCU,1,0,final,09-11-2024,/game/6310103
final,CSU Bakersfield,0,UNLV,1,-1,final,09-11-2024,/game/6310100
final,California Baptist,3,CSUN,3,0,final,09-11-2024,/game/6310101
final,Presbyterian,3,VMI,0,1,final,09-12-2024,/game/6310104
final,Sacramento St.,1,San Francisco,0,1,final,09-12-2024,/game/6310105
final,UTRGV,1,Jacksonville,1,0,final,09-12-2024,/game/6310109
final,Saint Mary's (CA),0,UC Davis,2,-1,final,09-12-2024,/game/6310106
final,UIC,2,Loyola Chicago,0,1,final,09-12-2024,/game/6310111
final,Marquette,1,Edgewood,0,1,final,09-12-2024,/game/6310062
final,San Jose St.,1,UC San Diego,1,0,final,09-12-2024,/game/6310108
final,Seattle U,1,Gonzaga,2,-1,final,09-12-2024,/game/6310110
final,Santa Clara,1,Grand Canyon,1,0,final,09-12-2024,/game/6310112
final,Memphis,1,SIUE,1,0,final,09-13-2024,/game/6310107
final,DePaul,2,Mercyhurst,3,-1,final,09-13-2024,/game/6310113
final,Siena,0,Xavier,0,0,final,09-13-2024,/game/6310115
final,Fla. Atlantic,2,North Florida,0,1,final,09-13-2024,/game/6310118
final,NC State,1,Stetson,1,0,final,09-13-2024,/game/6310117
final,Rutgers,0,Indiana,1,-1,final,09-13-2024,/game/6309553
final,Michigan St.,1,Washington,0,1,final,09-13-2024,/game/6309566
final,California,1,SMU,2,-1,final,09-13-2024,/game/6310114
final,Kansas City,3,Mercer,3,0,final,09-13-2024,/game/6310119
final,Wake Forest,1,Virginia,1,0,final,09-13-2024,/game/6310121
final,Bowling Green,2,NIU,1,1,final,09-13-2024,/game/6310124
final,William & Mary,0,Penn,2,-1,final,09-13-2024,/game/6310125
final,UMBC,4,Saint Joseph's,0,1,final,09-13-2024,/game/6310126
final,Georgia St.,3,USC Upstate,2,1,final,09-13-2024,/game/6310127
final,Boston College,0,Clemson,1,-1,final,09-13-2024,/game/6310129
final,Michigan,2,Penn St.,1,1,final,09-13-2024,/game/6309539
final,Pittsburgh,3,Louisville,2,1,final,09-13-2024,/game/6310131
final,UNC Greensboro,0,Charlotte,0,0,final,09-13-2024,/game/6310132
final,Dartmouth,1,UConn,2,-1,final,09-13-2024,/game/6310133
final,Duke,1,North Carolina,2,-1,final,09-13-2024,/game/6310134
final,Marist,2,Fordham,1,1,final,09-13-2024,/game/6310135
final,Ohio St.,1,Butler,0,1,final,09-13-2024,/game/6309507
final,Maryland,3,Wisconsin,0,1,final,09-13-2024,/game/6309576
final,Syracuse,0,Virginia Tech,2,-1,final,09-13-2024,/game/6310137
final,Northwestern,0,UCLA,1,-1,final,09-13-2024,/game/6309523
final,UIW,4,Our Lady of the Lake,0,1,final,09-13-2024,/game/6310136
final,UC Irvine,0,San Diego,1,-1,final,09-13-2024,/game/6310116
final,Utah Valley,1,Cal Poly,1,0,final,09-13-2024,/game/6310122
final,Utah Tech,1,Lindenwood,2,-1,final,09-13-2024,/game/6310128
final,UC Santa Barbara,0,New Hampshire,0,0,final,09-13-2024,/game/6310120
final,Cal St. Fullerton,2,LMU (CA),2,0,final,09-13-2024,/game/6310123
final,Portland,0,Saint Louis,2,-1,final,09-13-2024,/game/6310130
final,Georgetown,2,LIU,2,0,final,09-14-2024,/game/6310138
final,Hofstra,3,UNCW,0,1,final,09-14-2024,/game/6310139
final,Stony Brook,2,Col. of Charleston,4,-1,final,09-14-2024,/game/6310140
final,American,2,Loyola Maryland,0,1,final,09-14-2024,/game/6310141
final,Wofford,1,Winthrop,0,1,final,09-14-2024,/game/6310142
final,Drexel,1,Northeastern,0,1,final,09-14-2024,/game/6310144
final,Iona,1,Binghamton,2,-1,final,09-14-2024,/game/6310145
final,Bucknell,2,Navy,1,1,final,09-14-2024,/game/6310146
final,Akron,0,Temple,1,-1,final,09-14-2024,/game/6310147
final,Stonehill,1,St. Thomas (MN),2,-1,final,09-14-2024,/game/6310148
final,Massachusetts,1,Brown,0,1,final,09-14-2024,/game/6310149
final,Boston U.,3,Army West Point,2,1,final,09-14-2024,/game/6310150
final,Green Bay,5,Detroit Mercy,1,1,final,09-14-2024,/game/6310143
final,Robert Morris,0,Northern Ky.,0,0,final,09-14-2024,/game/6310151
final,Davidson,0,UNC Asheville,3,-1,final,09-14-2024,/game/6310152
final,Delaware,3,Elon,4,-1,final,09-14-2024,/game/6310153
final,Campbell,2,Monmouth,2,0,final,09-14-2024,/game/6310154
final,Quinnipiac,0,La Salle,0,0,final,09-14-2024,/game/6310155
final,Canisius,3,Saint Francis,3,0,final,09-14-2024,/game/6310156
final,Wright St.,2,IU Indy,0,1,final,09-14-2024,/game/6310157
final,Colgate,2,Lafayette,1,1,final,09-14-2024,/game/6310158
final,Purdue Fort Wayne,2,Milwaukee,0,1,final,09-14-2024,/game/6310159
final,VMI,2,Howard,1,1,final,09-14-2024,/game/6310160
final,Holy Cross,2,Lehigh,1,1,final,09-14-2024,/game/6310161
final,Vermont,5,Fairfield,0,1,final,09-14-2024,/game/6310163
final,Central Conn. St.,1,Rhode Island,1,0,final,09-14-2024,/game/6310164
final,UAlbany,2,Cornell,2,0,final,09-14-2024,/game/6310165
final,Creighton,3,Tulsa,0,1,final,09-14-2024,/game/6310162
final,Coastal Carolina,0,Gardner-Webb,1,-1,final,09-14-2024,/game/6310166
final,James Madison,2,Liberty,0,1,final,09-14-2024,/game/6310170
final,Mount St. Mary's,1,Longwood,1,0,final,09-14-2024,/game/6310171
final,Merrimack,1,UMass Lowell,2,-1,final,09-14-2024,/game/6310172
final,Niagara,4,St. Bonaventure,2,1,final,09-14-2024,/game/6310173
final,Oakland,2,Cleveland St.,1,1,final,09-14-2024,/game/6310176
final,FDU,2,Villanova,2,0,final,09-14-2024,/game/6310179
final,Columbia,0,Sacred Heart,1,-1,final,09-14-2024,/game/6310180
final,Notre Dame,0,Stanford,1,-1,final,09-14-2024,/game/6310181
final,Seton Hall,3,Harvard,2,1,final,09-14-2024,/game/6310182
final,Rider,2,NJIT,1,1,final,09-14-2024,/game/6310183
final,Marshall,1,St. John's (NY),1,0,final,09-14-2024,/game/6310184
final,Bryant,1,Providence,2,-1,final,09-14-2024,/game/6310185
final,Southern Ind.,0,Bellarmine,8,-1,final,09-14-2024,/game/6310167
final,Oral Roberts,2,Houston Christian,2,0,final,09-14-2024,/game/6310168
final,Evansville,1,Drake,2,-1,final,09-14-2024,/game/6310175
final,Lipscomb,2,Kentucky,2,0,final,09-14-2024,/game/6310177
final,Denver,4,Yale,1,1,final,09-14-2024,/game/6310169
final,UC Santa Barbara,2,Westmont,2,0,final,09-14-2024,/game/6310178
final,High Point,3,FGCU,0,1,final,09-15-2024,/game/6310186
final,Belmont,1,Western Mich.,1,0,final,09-15-2024,/game/6310187
final,Oregon St.,4,San Diego St.,1,1,final,09-15-2024,/game/6310188
final,UCF,0,South Fla.,0,0,final,09-15-2024,/game/6310190
final,Old Dominion,1,George Mason,0,1,final,09-15-2024,/game/6310193
final,UC Davis,2,San Francisco,1,1,final,09-15-2024,/game/6310189
final,Ga. Southern,2,UAB,2,0,final,09-15-2024,/game/6310194
final,South Carolina,2,ETSU,0,1,final,09-15-2024,/game/6310197
final,Saint Mary's (CA),2,Sacramento St.,4,-1,final,09-15-2024,/game/6310191
final,UIC,2,Marquette,0,1,final,09-15-2024,/game/6310195
final,Missouri St.,1,Bradley,0,1,final,09-15-2024,/game/6310196
final,Central Ark.,1,FIU,3,-1,final,09-15-2024,/game/6310200
final,Gonzaga,2,Western Ill.,3,-1,final,09-15-2024,/game/6310192
final,UC San Diego,3,Air Force,0,1,final,09-15-2024,/game/6310198
final,UNLV,1,CSUN,0,1,final,09-15-2024,/game/6310199
final,Grand Canyon,1,Cal St. Fullerton,1,0,final,09-15-2024,/game/6310210
final,Santa Clara,2,San Jose St.,1,1,final,09-15-2024,/game/6310201
final,NIU,1,Mercyhurst,0,1,final,09-16-2024,/game/6310202
final,California,5,Dominican (CA),0,1,final,09-16-2024,/game/6310203
final,Holy Cross,2,Clemson,2,0,final,09-16-2024,/game/6310205
final,VCU,2,Penn,0,1,final,09-16-2024,/game/6310211
final,Fordham,2,Manhattan,2,0,final,09-16-2024,/game/6310208
final,Michigan,1,Washington,1,0,final,09-16-2024,/game/6309587
final,SMU,2,UIW,0,1,final,09-16-2024,/game/6310206
final,Utah Valley,3,Lindenwood,1,1,final,09-16-2024,/game/6310204
final,Wisconsin,4,UCLA,1,1,final,09-16-2024,/game/6309577
final,Utah Tech,1,Cal Poly,1,0,final,09-16-2024,/game/6310207
final,California Baptist,0,San Diego,2,-1,final,09-16-2024,/game/6310209
final,Green Bay,2,Wis.-Parkside,1,1,final,09-17-2024,/game/6310212
final,Iona,4,George Washington,1,1,final,09-17-2024,/game/6310214
final,Southern Ind.,0,Purdue Fort Wayne,1,-1,final,09-17-2024,/game/6310213
final,LIU,1,Monmouth,1,0,final,09-17-2024,/game/6310215
final,Saint Peter's,1,Binghamton,3,-1,final,09-17-2024,/game/6310216
final,Robert Morris,3,Duquesne,0,1,final,09-17-2024,/game/6310217
final,Oakland,2,Loyola Chicago,1,1,final,09-17-2024,/game/6310218
final,Boston College,3,Siena,1,1,final,09-17-2024,/game/6310219
final,Saint Joseph's,0,Bryant,1,-1,final,09-17-2024,/game/6310220
final,Penn St.,0,Ohio St.,5,-1,final,09-17-2024,/game/6309508
final,Yale,1,Rutgers,1,0,final,09-17-2024,/game/6309554
final,Northeastern,0,Harvard,0,0,final,09-17-2024,/game/6310221
final,NC State,4,UNCW,1,1,final,09-17-2024,/game/6310222
final,Col. of Charleston,2,Furman,4,-1,final,09-17-2024,/game/6310223
final,La Salle,1,Rider,3,-1,final,09-17-2024,/game/6310224
final,Davidson,2,Mercer,1,1,final,09-17-2024,/game/6310225
final,Wake Forest,1,Elon,1,0,final,09-17-2024,/game/6310226
final,Hofstra,1,New Hampshire,0,1,final,09-17-2024,/game/6310227
final,American,4,UMBC,3,1,final,09-17-2024,/game/6310229
final,Charlotte,1,Campbell,0,1,final,09-17-2024,/game/6310230
final,Mount St. Mary's,1,James Madison,2,-1,final,09-17-2024,/game/6310231
final,West Virginia,2,UNC Greensboro,2,0,final,09-17-2024,/game/6310232
final,Northern Ky.,1,Bowling Green,1,0,final,09-17-2024,/game/6310233
final,Wofford,0,Georgia St.,2,-1,final,09-17-2024,/game/6310234
final,North Florida,3,USC Upstate,2,1,final,09-17-2024,/game/6310235
final,Radford,1,Queens (NC),2,-1,final,09-17-2024,/game/6310238
final,FDU,0,Drexel,2,-1,final,09-17-2024,/game/6310239
final,Dartmouth,0,Massachusetts,5,-1,final,09-17-2024,/game/6310240
final,Brown,5,Boston U.,1,1,final,09-17-2024,/game/6310241
final,Syracuse,5,Canisius,1,1,final,09-17-2024,/game/6310242
final,Cornell,3,Bucknell,0,1,final,09-17-2024,/game/6310243
final,Lafayette,2,UAlbany,1,1,final,09-17-2024,/game/6310244
final,Wright St.,2,Eastern Ill.,2,0,final,09-17-2024,/game/6310245
final,Cleveland St.,0,Pittsburgh,4,-1,final,09-17-2024,/game/6310246
final,Princeton,3,Colgate,1,1,final,09-17-2024,/game/6310247
final,Indiana,1,Evansville,1,0,final,09-17-2024,/game/6309607
final,Omaha,1,Drake,1,0,final,09-17-2024,/game/6310236
final,Saint Louis,2,Lipscomb,2,0,final,09-17-2024,/game/6310237
final,St. Bonaventure,1,Le Moyne,1,0,final,09-18-2024,/game/6310249
final,Dayton,1,Western Mich.,1,0,final,09-18-2024,/game/6310253
final,NJIT,4,Central Conn. St.,0,1,final,09-18-2024,/game/6310252
final,Columbia,1,Fairfield,3,-1,final,09-18-2024,/game/6310256
final,Houston Christian,1,UTRGV,0,1,final,09-18-2024,/game/6310254
final,SIUE,2,Bradley,0,1,final,09-18-2024,/game/6310255
final,Cal St. Fullerton,1,Gonzaga,1,0,final,09-18-2024,/game/6310250
final,Stanford,1,UC Davis,0,1,final,09-18-2024,/game/6310251
final,Utah Valley,1,UC Santa Barbara,4,-1,final,09-19-2024,/game/6310258
final,Denver,0,Portland,0,0,final,09-19-2024,/game/6310259
final,San Diego,1,Grand Canyon,0,1,final,09-19-2024,/game/6310261
final,Oregon St.,2,Seattle U,2,0,final,09-19-2024,/game/6310260
final,UNLV,2,Kansas City,3,-1,final,09-19-2024,/game/6310257
final,Santa Clara,1,Sacramento St.,2,-1,final,09-19-2024,/game/6310262
final,DePaul,2,UConn,3,-1,final,09-20-2024,/game/6310263
final,Villanova,2,Marquette,3,-1,final,09-20-2024,/game/6310264
final,Western Ill.,4,NIU,0,1,final,09-20-2024,/game/6310265
final,Penn St.,2,Michigan St.,1,1,final,09-20-2024,/game/6309540
final,Indiana,0,Maryland,1,-1,final,09-20-2024,/game/6309608
final,Xavier,1,St. John's (NY),0,1,final,09-20-2024,/game/6310281
final,Louisville,1,Syracuse,1,0,final,09-20-2024,/game/6310280
final,Notre Dame,6,Chicago St.,1,1,final,09-20-2024,/game/6310279
final,Creighton,0,Georgetown,1,-1,final,09-20-2024,/game/6310266
final,High Point,2,UNC Asheville,1,1,final,09-20-2024,/game/6310269
final,South Fla.,1,FIU,0,1,final,09-20-2024,/game/6310271
final,Providence,1,Seton Hall,0,1,final,09-20-2024,/game/6310273
final,North Carolina,2,NC State,0,1,final,09-20-2024,/game/6310274
final,South Carolina,1,Marshall,2,-1,final,09-20-2024,/game/6310275
final,Pittsburgh,2,Boston College,0,1,final,09-20-2024,/game/6310276
final,Akron,4,Butler,3,1,final,09-20-2024,/game/6310277
final,VCU,2,Rhode Island,0,1,final,09-20-2024,/game/6310278
final,Kentucky,0,Ga. Southern,0,0,final,09-20-2024,/game/6310284
final,Clemson,1,Wake Forest,0,1,final,09-20-2024,/game/6310283
final,SMU,2,Virginia Tech,0,1,final,09-20-2024,/game/6310270
final,Tulsa,1,Memphis,2,-1,final,09-20-2024,/game/6310282
final,Air Force,0,UC Riverside,2,-1,final,09-20-2024,/game/6310267
final,San Jose St.,0,Saint Mary's (CA),0,0,final,09-20-2024,/game/6310268
final,LMU (CA),1,California Baptist,0,1,final,09-20-2024,/game/6310272
final,Washington,2,Northwestern,0,1,final,09-20-2024,/game/6309524
final,Elon,2,Stony Brook,1,1,final,09-21-2024,/game/6310286
final,Massachusetts,1,George Mason,2,-1,final,09-21-2024,/game/6310287
final,Northeastern,0,William & Mary,2,-1,final,09-21-2024,/game/6310288
final,Binghamton,2,Central Conn. St.,1,1,final,09-21-2024,/game/6310289
final,Northern Ky.,1,Oakland,1,0,final,09-21-2024,/game/6310290
final,George Washington,0,Duquesne,1,-1,final,09-21-2024,/game/6310292
final,Saint Joseph's,0,Davidson,2,-1,final,09-21-2024,/game/6310293
final,Purdue Fort Wayne,2,Green Bay,0,1,final,09-21-2024,/game/6310294
final,Col. of Charleston,1,Delaware,0,1,final,09-21-2024,/game/6310295
final,Lafayette,1,Navy,2,-1,final,09-21-2024,/game/6310296
final,Rider,2,Mercyhurst,0,1,final,09-21-2024,/game/6310297
final,Milwaukee,3,Wright St.,3,0,final,09-21-2024,/game/6310291
final,Howard,2,UC San Diego,2,0,final,09-21-2024,/game/6310298
final,UNCW,2,Drexel,1,1,final,09-21-2024,/game/6310299
final,Saint Peter's,0,VMI,0,0,final,09-21-2024,/game/6310300
final,IU Indy,2,Robert Morris,3,-1,final,09-21-2024,/game/6310301
final,Loyola Maryland,2,Boston U.,2,0,final,09-21-2024,/game/6310302
final,Le Moyne,1,Niagara,1,0,final,09-21-2024,/game/6310303
final,Loyola Chicago,2,Dayton,2,0,final,09-21-2024,/game/6310304
final,Colgate,1,American,1,0,final,09-21-2024,/game/6310305
final,Bucknell,0,Holy Cross,0,0,final,09-21-2024,/game/6310306
final,Siena,3,NJIT,0,1,final,09-21-2024,/game/6310308
final,Queens (NC),0,Lipscomb,0,0,final,09-21-2024,/game/6310321
final,Yale,4,Sacred Heart,1,1,final,09-21-2024,/game/6310310
final,Dartmouth,2,Bryant,1,1,final,09-21-2024,/game/6310311
final,Penn,1,Manhattan,0,1,final,09-21-2024,/game/6310320
final,UCLA,3,Michigan,3,0,final,09-21-2024,/game/6309588
final,Vermont,5,Harvard,0,1,final,09-21-2024,/game/6310314
final,FGCU,1,Jacksonville,0,1,final,09-21-2024,/game/6310315
final,Temple,0,Charlotte,1,-1,final,09-21-2024,/game/6310285
final,California,1,Virginia,1,0,final,09-21-2024,/game/6310307
final,Monmouth,2,Hofstra,1,1,final,09-21-2024,/game/6310316
final,Army West Point,2,Lehigh,3,-1,final,09-21-2024,/game/6310319
final,Georgia St.,0,Coastal Carolina,1,-1,final,09-21-2024,/game/6310322
final,Stetson,2,North Florida,1,1,final,09-21-2024,/game/6310324
final,Old Dominion,0,West Virginia,1,-1,final,09-21-2024,/game/6310325
final,Bellarmine,0,Central Ark.,1,-1,final,09-21-2024,/game/6310327
final,USC Upstate,0,Winthrop,2,-1,final,09-21-2024,/game/6310328
final,Columbia,0,FDU,1,-1,final,09-21-2024,/game/6310329
final,Brown,5,Stonehill,3,1,final,09-21-2024,/game/6310330
final,Cornell,1,UMBC,0,1,final,09-21-2024,/game/6310331
final,Gardner-Webb,2,Radford,1,1,final,09-21-2024,/game/6310332
final,La Salle,0,Saint Louis,0,0,final,09-21-2024,/game/6310333
final,Marist,3,LIU,2,1,final,09-21-2024,/game/6310335
final,Cleveland St.,2,Detroit Mercy,2,0,final,09-21-2024,/game/6310336
final,James Madison,2,UCF,0,1,final,09-21-2024,/game/6310337
final,Gonzaga,1,CSU Bakersfield,1,0,final,09-21-2024,/game/6310309
final,Oral Roberts,6,UTRGV,0,1,final,09-21-2024,/game/6310317
final,Bradley,1,Bowling Green,2,-1,final,09-21-2024,/game/6310318
final,UIC,1,Missouri St.,3,-1,final,09-21-2024,/game/6310323
final,UAB,3,Fla. Atlantic,2,1,final,09-21-2024,/game/6310326
final,UC Irvine,4,Utah Tech,2,1,final,09-21-2024,/game/6310312
final,San Diego St.,3,UC Davis,3,0,final,09-21-2024,/game/6310334
final,St. Bonaventure,0,Fordham,0,0,final,09-22-2024,/game/6310313
final,Presbyterian,1,Longwood,3,-1,final,09-22-2024,/game/6310339
final,SIUE,0,Omaha,1,-1,final,09-22-2024,/game/6310338
final,St. Thomas (MN),1,Lindenwood,2,-1,final,09-22-2024,/game/6310341
final,Drake,4,Belmont,0,1,final,09-22-2024,/game/6310340
final,Western Mich.,2,Evansville,1,1,final,09-22-2024,/game/6310342
final,Ohio St.,3,Rutgers,0,1,final,09-22-2024,/game/6309509
final,CSUN,2,Santa Clara,1,1,final,09-22-2024,/game/6310343
final,Sacramento St.,1,Pacific,1,0,final,09-22-2024,/game/6310344
final,San Diego,0,Cal St. Fullerton,2,-1,final,09-22-2024,/game/6310345
final,Denver,2,Seattle U,1,1,final,09-22-2024,/game/6310347
final,Stanford,2,Duke,2,0,final,09-22-2024,/game/6310348
final,UC Santa Barbara,3,Portland,0,1,final,09-22-2024,/game/6310346
final,Grand Canyon,0,LMU (CA),1,-1,final,09-23-2024,/game/6310350
final,San Francisco,4,San Jose St.,0,1,final,09-23-2024,/game/6310349
final,Georgetown,2,Princeton,0,1,final,09-24-2024,/game/6310352
final,St. Bonaventure,2,Robert Morris,1,1,final,09-24-2024,/game/6310353
final,Villanova,2,Penn,2,0,final,09-24-2024,/game/6310354
final,Quinnipiac,1,Yale,2,-1,final,09-24-2024,/game/6310355
final,UNC Asheville,1,ETSU,1,0,final,09-24-2024,/game/6310356
final,Bryant,1,Holy Cross,0,1,final,09-24-2024,/game/6310357
final,UMass Lowell,0,Northeastern,0,0,final,09-24-2024,/game/6310359
final,Boston U.,1,Boston College,1,0,final,09-24-2024,/game/6310360
final,St. John's (NY),1,Penn St.,2,-1,final,09-24-2024,/game/6309541
final,Akron,8,Saint Francis,0,1,final,09-24-2024,/game/6310351
final,South Carolina,3,Queens (NC),0,1,final,09-24-2024,/game/6310358
final,IU Indy,1,Western Ill.,2,-1,final,09-24-2024,/game/6310361
final,George Mason,1,William & Mary,0,1,final,09-24-2024,/game/6310362
final,Howard,1,George Washington,1,0,final,09-24-2024,/game/6310363
final,Ga. Southern,2,Col. of Charleston,1,1,final,09-24-2024,/game/6310364
final,Bowling Green,5,Eastern Ill.,0,1,final,09-24-2024,/game/6310365
final,Providence,2,Brown,1,1,final,09-24-2024,/game/6310366
final,Clemson,1,Liberty,0,1,final,09-24-2024,/game/6310368
final,James Madison,5,Radford,0,1,final,09-24-2024,/game/6310369
final,Loyola Maryland,0,Hofstra,3,-1,final,09-24-2024,/game/6310370
final,North Carolina,0,Mercer,0,0,final,09-24-2024,/game/6310371
final,Merrimack,1,Dartmouth,2,-1,final,09-24-2024,/game/6310372
final,Stetson,2,Eckerd,3,-1,final,09-24-2024,/game/6310374
final,Butler,2,Wright St.,3,-1,final,09-24-2024,/game/6310375
final,Navy,1,UC San Diego,1,0,final,09-24-2024,/game/6310376
final,Duquesne,2,Mount St. Mary's,1,1,final,09-24-2024,/game/6310377
final,Saint Joseph's,2,Temple,0,1,final,09-24-2024,/game/6310379
final,Campbell,0,UNCW,0,0,final,09-24-2024,/game/6310380
final,UConn,0,Fairfield,0,0,final,09-24-2024,/game/6310382
final,Syracuse,0,Cornell,1,-1,final,09-24-2024,/game/6310386
final,Notre Dame,3,Detroit Mercy,1,1,final,09-24-2024,/game/6310387
final,La Salle,3,Lafayette,1,1,final,09-24-2024,/game/6310388
final,Louisville,1,UAB,2,-1,final,09-24-2024,/game/6310389
final,Seton Hall,2,Lehigh,0,1,final,09-24-2024,/game/6310390
final,Xavier,2,Evansville,0,1,final,09-24-2024,/game/6310391
final,Jacksonville,0,Fla. Atlantic,0,0,final,09-24-2024,/game/6310392
postponed,Wofford,1,USC Upstate,0,1,postponed,09-24-2024,/game/6310373
postponed,UNC Greensboro,0,High Point,1,-1,postponed,09-24-2024,/game/6310378
final,Rhode Island,2,UAlbany,1,1,final,09-24-2024,/game/6310393
final,Kansas City,4,Tulsa,0,1,final,09-24-2024,/game/6310381
final,Loyola Chicago,1,DePaul,3,-1,final,09-24-2024,/game/6310383
final,NIU,0,Milwaukee,2,-1,final,09-24-2024,/game/6310384
final,UCLA,5,Westmont,1,1,final,09-24-2024,/game/6309597
final,Marshall,1,VCU,0,1,final,09-25-2024,/game/6310399
final,SMU,1,FIU,1,0,final,09-25-2024,/game/6310394
final,Southern Ind.,1,Rose-Hulman,0,1,final,09-25-2024,/game/6310395
final,Utah Valley,0,Oregon St.,1,-1,final,09-25-2024,/game/6310396
final,California Baptist,0,UC Riverside,0,0,final,09-25-2024,/game/6310397
final,Pacific,1,CSU Bakersfield,2,-1,final,09-25-2024,/game/6310398
postponed,Quinnipiac,,FDU,,0,postponed,09-26-2024,/game/6310401
final,UNLV,2,Cal St. Fullerton,4,-1,final,09-26-2024,/game/6310400
final,Stony Brook,0,Northeastern,0,0,final,09-27-2024,/game/6310402
final,NC State,1,Duke,2,-1,final,09-27-2024,/game/6310405
final,Longwood,8,USC Upstate,2,1,final,09-27-2024,/game/6310412
final,Syracuse,1,Wake Forest,2,-1,final,09-27-2024,/game/6310414
final,Notre Dame,2,Clemson,1,1,final,09-27-2024,/game/6310415
final,West Virginia,0,Kentucky,0,0,final,09-27-2024,/game/6310409
final,Charlotte,4,South Fla.,1,1,final,09-27-2024,/game/6310408
final,Bowling Green,1,Belmont,0,1,final,09-27-2024,/game/6310407
final,Virginia,0,Stanford,1,-1,final,09-27-2024,/game/6310416
final,Northwestern,1,Maryland,2,-1,final,09-27-2024,/game/6309525
final,Portland,1,Sacramento St.,1,0,final,09-27-2024,/game/6310403
final,Ohio St.,2,Indiana,2,0,final,09-27-2024,/game/6309510
final,San Jose St.,2,UC Davis,2,0,final,09-27-2024,/game/6310413
final,Seattle U,4,CSUN,3,1,final,09-27-2024,/game/6310411
final,UCLA,0,Michigan St.,1,-1,final,09-27-2024,/game/6309598
final,Washington,0,Wisconsin,0,0,final,09-27-2024,/game/6309579
final,Delaware,3,Campbell,1,1,final,09-28-2024,/game/6310417
final,Western Mich.,1,Missouri St.,1,0,final,09-28-2024,/game/6310418
final,Robert Morris,1,Milwaukee,0,1,final,09-28-2024,/game/6310419
final,Sacred Heart,3,Niagara,1,1,final,09-28-2024,/game/6310420
final,Iona,1,Rider,0,1,final,09-28-2024,/game/6310421
final,Georgetown,0,Akron,1,-1,final,09-28-2024,/game/6310423
final,Mount St. Mary's,2,Merrimack,1,1,final,09-28-2024,/game/6310424
final,Davidson,1,La Salle,3,-1,final,09-28-2024,/game/6310425
final,Vermont,1,New Hampshire,1,0,final,09-28-2024,/game/6310426
final,Col. of Charleston,0,Monmouth,0,0,final,09-28-2024,/game/6310429
final,Manhattan,3,Canisius,0,1,final,09-28-2024,/game/6310431
final,Green Bay,3,Cleveland St.,2,1,final,09-28-2024,/game/6310427
final,St. Thomas (MN),0,Kansas City,3,-1,final,09-28-2024,/game/6310428
final,Hofstra,2,Elon,1,1,final,09-28-2024,/game/6310432
final,Army West Point,1,Lafayette,2,-1,final,09-28-2024,/game/6310433
final,Oakland,0,IU Indy,0,0,final,09-28-2024,/game/6310434
final,Navy,2,Colgate,2,0,final,09-28-2024,/game/6310435
final,Dartmouth,2,Brown,1,1,final,09-28-2024,/game/6310437
final,Rutgers,1,Michigan,1,0,final,09-28-2024,/game/6309555
final,Siena,2,Saint Peter's,0,1,final,09-28-2024,/game/6310438
final,Princeton,2,Harvard,0,1,final,09-28-2024,/game/6310439
final,Duquesne,2,Saint Joseph's,1,1,final,09-28-2024,/game/6310440
final,Yale,1,Cornell,0,1,final,09-28-2024,/game/6310441
final,Cal Poly,2,UC Santa Barbara,0,1,final,09-28-2024,/game/6310436
final,Queens (NC),1,Central Ark.,0,1,final,09-28-2024,/game/6310443
final,UMass Lowell,2,UAlbany,0,1,final,09-28-2024,/game/6310444
final,Lehigh,3,Boston U.,1,1,final,09-28-2024,/game/6310446
final,Binghamton,0,UMBC,2,-1,final,09-28-2024,/game/6310447
final,Virginia Tech,0,Pittsburgh,2,-1,final,09-28-2024,/game/6310410
final,High Point,3,Radford,1,1,final,09-28-2024,/game/6310449
final,Coastal Carolina,1,South Carolina,2,-1,final,09-28-2024,/game/6310450
final,Liberty,7,Western Ill.,1,1,final,09-28-2024,/game/6310451
final,George Mason,5,George Washington,2,1,final,09-28-2024,/game/6310453
final,American,0,Bucknell,1,-1,final,09-28-2024,/game/6310458
final,Providence,2,Creighton,2,0,final,09-28-2024,/game/6310459
final,Penn,1,Columbia,0,1,final,09-28-2024,/game/6310460
final,William & Mary,4,UNCW,0,1,final,09-28-2024,/game/6310461
final,North Carolina,2,California,1,1,final,09-28-2024,/game/6310462
final,Mercer,3,Air Force,0,1,final,09-28-2024,/game/6310463
final,North Florida,4,Jacksonville,3,1,final,09-28-2024,/game/6310464
final,Stetson,2,FGCU,0,1,final,09-28-2024,/game/6310466
final,Detroit Mercy,1,Northern Ky.,1,0,final,09-28-2024,/game/6310467
final,Fordham,2,Massachusetts,3,-1,final,09-28-2024,/game/6310468
final,NJIT,0,Bryant,3,-1,final,09-28-2024,/game/6310469
final,Fairfield,2,Marist,1,1,final,09-28-2024,/game/6310473
final,UConn,0,Seton Hall,0,0,final,09-28-2024,/game/6310474
final,St. John's (NY),2,Villanova,1,1,final,09-28-2024,/game/6310475
final,Wright St.,4,Purdue Fort Wayne,0,1,final,09-28-2024,/game/6310478
final,Rhode Island,4,St. Bonaventure,3,1,final,09-28-2024,/game/6310480
final,DePaul,0,Xavier,0,0,final,09-28-2024,/game/6310448
final,Memphis,2,UAB,0,1,final,09-28-2024,/game/6310452
final,Oral Roberts,1,Omaha,0,1,final,09-28-2024,/game/6310455
final,Bradley,0,Evansville,2,-1,final,09-28-2024,/game/6310456
final,Marquette,2,Butler,0,1,final,09-28-2024,/game/6310465
final,Houston Christian,2,UIW,1,1,final,09-28-2024,/game/6310471
final,SIUE,2,Lindenwood,0,1,final,09-28-2024,/game/6310476
final,NIU,2,UIC,4,-1,final,09-28-2024,/game/6310477
final,Saint Louis,2,Loyola Chicago,1,1,final,09-28-2024,/game/6310481
final,UC Irvine,2,San Diego St.,0,1,final,09-28-2024,/game/6310442
final,LMU (CA),1,Gonzaga,0,1,final,09-28-2024,/game/6310454
final,Santa Clara,0,Oregon St.,2,-1,final,09-28-2024,/game/6310472
final,San Diego,4,Saint Mary's (CA),2,1,final,09-28-2024,/game/6310479
final,Le Moyne,2,FDU,2,0,final,09-29-2024,/game/6310482
final,Saint Francis,2,Stonehill,0,1,final,09-29-2024,/game/6310487
final,Fla. Atlantic,1,Temple,1,0,final,09-29-2024,/game/6310486
final,Holy Cross,1,Loyola Maryland,2,-1,final,09-29-2024,/game/6310485
final,Chicago St.,0,LIU,0,0,final,09-29-2024,/game/6310483
final,Howard,4,Central Conn. St.,1,1,final,09-29-2024,/game/6310488
final,Boston College,1,Louisville,1,0,final,09-29-2024,/game/6310489
final,San Francisco,2,Pacific,0,1,final,09-29-2024,/game/6310484
final,Marshall,2,Old Dominion,1,1,final,09-29-2024,/game/6310490
final,Southern Ind.,2,Eastern Ill.,1,1,final,09-29-2024,/game/6310422
final,Lipscomb,2,Bellarmine,0,1,final,09-29-2024,/game/6310445
final,UCF,2,Georgia St.,1,1,final,09-29-2024,/game/6310406
final,FIU,3,Tulsa,1,1,final,09-29-2024,/game/6310491
final,SMU,3,UTRGV,2,1,final,09-29-2024,/game/6310492
postponed,Winthrop,,Gardner-Webb,,0,postponed,09-30-2024,/game/6310430
final,Virginia,1,UNC Greensboro,2,-1,final,10-01-2024,/game/6310493
final,Quinnipiac,9,Farmingdale St.,0,1,final,10-01-2024,/game/6348407
final,Robert Morris,5,Canisius,1,1,final,10-01-2024,/game/6310496
final,Notre Dame,7,Trine,1,1,final,10-01-2024,/game/6310497
final,Western Mich.,7,Olivet,0,1,final,10-01-2024,/game/6310498
final,Maryland,1,Penn St.,1,0,final,10-01-2024,/game/6309542
final,Bucknell,0,West Virginia,1,-1,final,10-01-2024,/game/6310503
final,New Hampshire,1,Northeastern,1,0,final,10-01-2024,/game/6310504
final,Lehigh,2,Marist,1,1,final,10-01-2024,/game/6310505
final,Vermont,2,Massachusetts,2,0,final,10-01-2024,/game/6310501
final,Virginia Tech,4,Queens (NC),0,1,final,10-01-2024,/game/6310500
final,Army West Point,2,Rider,0,1,final,10-01-2024,/game/6310499
final,Stony Brook,6,St. Joseph's (L.I.),0,1,final,10-01-2024,/game/6310508
final,UMBC,0,Drexel,5,-1,final,10-01-2024,/game/6310494
final,Creighton,0,Missouri St.,1,-1,final,10-01-2024,/game/6310506
final,VCU,1,American,1,0,final,10-01-2024,/game/6310520
final,UAlbany,1,Syracuse,3,-1,final,10-01-2024,/game/6310519
final,Jacksonville,2,Ga. Southern,1,1,final,10-01-2024,/game/6310518
final,Cornell,5,Binghamton,2,1,final,10-01-2024,/game/6310517
final,Longwood,1,Campbell,3,-1,final,10-01-2024,/game/6310516
final,Elon,0,High Point,1,-1,final,10-01-2024,/game/6310513
final,NJIT,2,Delaware,2,0,final,10-01-2024,/game/6310512
final,Harvard,3,Merrimack,1,1,final,10-01-2024,/game/6310510
final,Wake Forest,2,ETSU,0,1,final,10-01-2024,/game/6310509
final,Milwaukee,2,Drake,1,1,final,10-01-2024,/game/6310502
final,Rhode Island,0,Bryant,0,0,final,10-01-2024,/game/6310521
final,Princeton,1,Monmouth,0,1,final,10-01-2024,/game/6310522
final,Belmont,0,Memphis,1,-1,final,10-01-2024,/game/6310507
final,Wisconsin,2,Indiana,3,-1,final,10-01-2024,/game/6309580
final,Saint Louis,0,Charlotte,0,0,final,10-01-2024,/game/6310514
final,Michigan St.,1,Northwestern,0,1,final,10-01-2024,/game/6309526
pre,Indiana,,Wisconsin,,0,pre,10-01-2024,/game/6309609
final,CSU Bakersfield,3,Sacramento St.,0,1,final,10-02-2024,/game/6310523
final,UC Davis,0,Cal Poly,1,-1,final,10-02-2024,/game/6310524
final,Pittsburgh,8,Howard,1,1,final,10-02-2024,/game/6310529
final,FGCU,6,Keiser,1,1,final,10-02-2024,/game/6310531
final,Radford,1,VMI,1,0,final,10-02-2024,/game/6310532
final,Yale,6,Albertus Magnus,0,1,final,10-02-2024,/game/6310533
final,Denver,3,Oral Roberts,2,1,final,10-02-2024,/game/6310526
final,Omaha,2,St. Thomas (MN),1,1,final,10-02-2024,/game/6310528
final,UC Irvine,0,Cal St. Fullerton,2,-1,final,10-02-2024,/game/6310525
final,UC Santa Barbara,3,UC San Diego,1,1,final,10-02-2024,/game/6310527
final,CSUN,1,UC Riverside,1,0,final,10-02-2024,/game/6310530
final,Central Conn. St.,1,Mercyhurst,2,-1,final,10-03-2024,/game/6310535
final,Southern Ind.,0,Lindenwood,2,-1,final,10-03-2024,/game/6310534
final,California,3,Louisville,3,0,final,10-03-2024,/game/6310536
final,Utah Valley,1,Seattle U,2,-1,final,10-03-2024,/game/6310537
final,SIUE,3,Eastern Ill.,0,1,final,10-03-2024,/game/6310539
final,Air Force,0,San Jose St.,3,-1,final,10-03-2024,/game/6310538
final,Chicago St.,0,Le Moyne,4,-1,final,10-03-2024,/game/6310542
final,Houston Christian,3,Western Ill.,0,1,final,10-03-2024,/game/6310541
final,UIW,0,Liberty,2,-1,final,10-03-2024,/game/6310540
final,Utah Tech,1,California Baptist,2,-1,final,10-03-2024,/game/6310543
final,UNLV,0,San Diego St.,1,-1,final,10-03-2024,/game/6310544
final,Georgetown,3,Providence,0,1,final,10-04-2024,/game/6310546
final,Villanova,0,UConn,3,-1,final,10-04-2024,/game/6310547
final,VMI,2,Regent,0,1,final,10-04-2024,/game/6310548
final,IU Indy,1,Detroit Mercy,0,1,final,10-04-2024,/game/6310550
final,Winthrop,2,Longwood,1,1,final,10-04-2024,/game/6310545
final,Marshall,2,James Madison,2,0,final,10-04-2024,/game/6310556
final,Indiana,2,Washington,2,0,final,10-04-2024,/game/6309610
final,Michigan,3,Ohio St.,6,-1,final,10-04-2024,/game/6309511
final,Creighton,0,DePaul,2,-1,final,10-04-2024,/game/6310551
final,Virginia,2,Virginia Tech,1,1,final,10-04-2024,/game/6310557
final,Akron,1,Xavier,0,1,final,10-04-2024,/game/6310558
final,Butler,1,St. John's (NY),2,-1,final,10-04-2024,/game/6310560
final,Duke,2,SMU,2,0,final,10-04-2024,/game/6310562
final,Seton Hall,1,Marquette,0,1,final,10-04-2024,/game/6310563
final,Clemson,3,North Carolina,2,1,final,10-04-2024,/game/6310553
final,Coastal Carolina,0,Ga. Southern,5,-1,final,10-04-2024,/game/6310552
final,South Carolina,0,Kentucky,2,-1,final,10-04-2024,/game/6310559
final,Penn St.,2,UCLA,2,0,final,10-04-2024,/game/6309543
final,Wisconsin,1,Rutgers,3,-1,final,10-04-2024,/game/6309556
final,Tulsa,2,Fla. Atlantic,1,1,final,10-04-2024,/game/6310564
final,Gonzaga,1,San Diego,2,-1,final,10-04-2024,/game/6310549
final,Stanford,0,NC State,0,0,final,10-04-2024,/game/6310555
final,Portland,0,Santa Clara,0,0,final,10-04-2024,/game/6310561
final,Oregon St.,4,Pacific,1,1,final,10-04-2024,/game/6310554
final,Bryant,1,New Hampshire,2,-1,final,10-05-2024,/game/6310566
final,Manhattan,1,Mount St. Mary's,2,-1,final,10-05-2024,/game/6310567
final,Army West Point,1,American,2,-1,final,10-05-2024,/game/6310569
final,Harvard,0,Penn,1,-1,final,10-05-2024,/game/6310571
final,Canisius,1,Saint Peter's,1,0,final,10-05-2024,/game/6310573
final,Navy,3,Loyola Maryland,2,1,final,10-05-2024,/game/6310574
final,Drexel,5,Hofstra,4,1,final,10-05-2024,/game/6310576
final,Purdue Fort Wayne,2,Robert Morris,1,1,final,10-05-2024,/game/6310577
final,Campbell,6,Stony Brook,0,1,final,10-05-2024,/game/6310578
final,Massachusetts,4,Saint Joseph's,0,1,final,10-05-2024,/game/6310579
final,Wright St.,1,Green Bay,2,-1,final,10-05-2024,/game/6310580
final,Wofford,3,Gardner-Webb,2,1,final,10-05-2024,/game/6348463
final,Drake,1,Western Mich.,1,0,final,10-05-2024,/game/6310570
final,Milwaukee,4,Oakland,1,1,final,10-05-2024,/game/6310575
final,Niagara,3,Siena,3,0,final,10-05-2024,/game/6310581
final,Iona,1,Fairfield,1,0,final,10-05-2024,/game/6310582
final,Radford,2,Presbyterian,3,-1,final,10-05-2024,/game/6310583
final,Denver,5,St. Thomas (MN),0,1,final,10-05-2024,/game/6310572
final,Loyola Chicago,0,Rhode Island,1,-1,final,10-05-2024,/game/6310584
final,Saint Mary's (CA),1,LMU (CA),1,0,final,10-05-2024,/game/6310568
final,Merrimack,1,Rider,2,-1,final,10-05-2024,/game/6310587
final,Cornell,3,Dartmouth,0,1,final,10-05-2024,/game/6310589
final,Boston U.,1,Lafayette,1,0,final,10-05-2024,/game/6310590
final,Omaha,1,Kansas City,1,0,final,10-05-2024,/game/6310588
final,Colgate,1,Holy Cross,0,1,final,10-05-2024,/game/6310591
final,UC Davis,0,UC Irvine,1,-1,final,10-05-2024,/game/6310585
final,St. Bonaventure,3,Davidson,1,1,final,10-05-2024,/game/6310594
final,Brown,1,Princeton,2,-1,final,10-05-2024,/game/6310595
final,UAlbany,1,Vermont,4,-1,final,10-05-2024,/game/6310596
final,La Salle,1,George Mason,2,-1,final,10-05-2024,/game/6310565
final,Sacramento St.,2,UC Riverside,1,1,final,10-05-2024,/game/6310586
final,Belmont,0,Bradley,1,-1,final,10-05-2024,/game/6310593
final,FIU,3,UAB,2,1,final,10-05-2024,/game/6310597
final,South Fla.,2,Temple,0,1,final,10-05-2024,/game/6310598
final,Wake Forest,2,Boston College,0,1,final,10-05-2024,/game/6310600
final,Monmouth,2,Delaware,0,1,final,10-05-2024,/game/6310601
final,UNCW,2,Col. of Charleston,1,1,final,10-05-2024,/game/6310604
final,UMBC,1,UMass Lowell,1,0,final,10-05-2024,/game/6310606
final,West Virginia,2,UCF,1,1,final,10-05-2024,/game/6310608
final,Northern Ky.,2,Cleveland St.,1,1,final,10-05-2024,/game/6310609
final,Mercer,1,UNC Greensboro,1,0,final,10-05-2024,/game/6310610
final,Old Dominion,0,Georgia St.,0,0,final,10-05-2024,/game/6310611
final,Sacred Heart,1,Quinnipiac,3,-1,final,10-05-2024,/game/6310612
final,NJIT,2,Binghamton,1,1,final,10-05-2024,/game/6310613
final,Dayton,7,George Washington,1,1,final,10-05-2024,/game/6310614
final,Elon,2,William & Mary,1,1,final,10-05-2024,/game/6310615
final,Bucknell,2,Lehigh,2,0,final,10-05-2024,/game/6310616
final,Bellarmine,0,Queens (NC),0,0,final,10-05-2024,/game/6310617
final,FGCU,2,North Florida,2,0,final,10-05-2024,/game/6310619
final,USC Upstate,1,High Point,4,-1,final,10-05-2024,/game/6310620
final,VCU,0,Fordham,1,-1,final,10-05-2024,/game/6310622
final,Columbia,1,Yale,0,1,final,10-05-2024,/game/6310623
final,Syracuse,2,Notre Dame,1,1,final,10-05-2024,/game/6310624
final,Jacksonville,0,Stetson,0,0,final,10-05-2024,/game/6310626
final,Maryland,2,Michigan St.,1,1,final,10-05-2024,/game/6309567
final,Memphis,1,Charlotte,0,1,final,10-05-2024,/game/6310599
final,UIC,2,Bowling Green,1,1,final,10-05-2024,/game/6310607
final,Saint Louis,3,Duquesne,0,1,final,10-05-2024,/game/6310618
final,SIUE,2,Southern Ind.,0,1,final,10-05-2024,/game/6310621
final,Central Ark.,2,Lipscomb,1,1,final,10-05-2024,/game/6310627
final,Utah Valley,2,San Jose St.,3,-1,final,10-05-2024,/game/6310602
final,Cal St. Fullerton,2,CSU Bakersfield,2,0,final,10-05-2024,/game/6310603
final,UC San Diego,1,CSUN,0,1,final,10-05-2024,/game/6310625
final,FDU,3,Central Conn. St.,0,1,final,10-06-2024,/game/6310628
final,Stonehill,3,Howard,3,0,final,10-06-2024,/game/6310631
final,Mercyhurst,4,Chicago St.,0,1,final,10-06-2024,/game/6310629
final,ETSU,2,VMI,0,1,final,10-06-2024,/game/6310633
final,UIW,2,Western Ill.,1,1,final,10-06-2024,/game/6310635
final,Air Force,0,Seattle U,2,-1,final,10-06-2024,/game/6310630
final,UTRGV,0,Grand Canyon,2,-1,final,10-06-2024,/game/6310634
final,LIU,1,Saint Francis,1,0,final,10-06-2024,/game/6310637
final,Utah Tech,0,San Diego St.,1,-1,final,10-06-2024,/game/6310632
final,Lindenwood,6,Eastern Ill.,0,1,final,10-06-2024,/game/6310636
final,Northwestern,4,Trine,0,1,final,10-06-2024,/game/6309527
final,UC Santa Barbara,0,Cal Poly,0,0,final,10-06-2024,/game/6310638
final,Missouri St.,7,NIU,0,1,final,10-06-2024,/game/6310640
final,Houston Christian,0,Liberty,1,-1,final,10-06-2024,/game/6310641
final,UNLV,2,California Baptist,2,0,final,10-06-2024,/game/6310639
final,Penn St.,2,Rutgers,1,1,final,10-07-2024,/game/6309544
final,Pittsburgh,2,Denver,0,1,final,10-07-2024,/game/6310642
final,Ohio St.,2,Washington,0,1,final,10-07-2024,/game/6309512
final,DePaul,3,Oakland,1,1,final,10-08-2024,/game/6310643
final,Villanova,3,Columbia,2,1,final,10-08-2024,/game/6310644
final,Vermont,1,UConn,0,1,final,10-08-2024,/game/6310646
final,Binghamton,1,Bucknell,1,0,final,10-08-2024,/game/6310648
final,Stony Brook,2,Seton Hall,1,1,final,10-08-2024,/game/6310650
final,Indiana,3,Kentucky,2,1,final,10-08-2024,/game/6309611
final,USC Upstate,1,Furman,3,-1,final,10-08-2024,/game/6348447
final,Winthrop,0,Gardner-Webb,1,-1,final,10-08-2024,/game/6348671
final,IU Indy,0,Butler,0,0,final,10-08-2024,/game/6310654
final,Wake Forest,0,Wofford,0,0,final,10-08-2024,/game/6310653
final,Bowling Green,5,Detroit Mercy,2,1,final,10-08-2024,/game/6310655
final,Providence,1,Syracuse,2,-1,final,10-08-2024,/game/6310656
final,Penn,3,Hofstra,1,1,final,10-08-2024,/game/6310657
final,UMBC,0,Georgetown,0,0,final,10-08-2024,/game/6310658
final,North Carolina,3,Col. of Charleston,0,1,final,10-08-2024,/game/6310660
final,Virginia,1,James Madison,0,1,final,10-08-2024,/game/6310661
final,Akron,6,Wright St.,1,1,final,10-08-2024,/game/6310662
final,Elon,1,Duke,2,-1,final,10-08-2024,/game/6310664
final,Coastal Carolina,1,Campbell,0,1,final,10-08-2024,/game/6310652
final,UNC Greensboro,3,Radford,0,1,final,10-08-2024,/game/6310665
final,St. John's (NY),0,Loyola Maryland,1,-1,final,10-08-2024,/game/6310666
final,Dartmouth,0,New Hampshire,0,0,final,10-08-2024,/game/6310667
final,Louisville,4,Lipscomb,2,1,final,10-08-2024,/game/6310668
final,Boston U.,1,Harvard,1,0,final,10-08-2024,/game/6310669
final,Cleveland St.,3,Xavier,1,1,final,10-08-2024,/game/6310670
final,Holy Cross,1,Brown,2,-1,final,10-08-2024,/game/6310645
final,Notre Dame,0,Michigan,1,-1,final,10-08-2024,/game/6309589
final,Belmont,1,Covenant,0,1,final,10-08-2024,/game/6310649
final,Marquette,1,Milwaukee,1,0,final,10-08-2024,/game/6310663
final,Tulsa,1,Central Ark.,1,0,final,10-08-2024,/game/6310671
final,George Washington,0,St. Bonaventure,0,0,final,10-09-2024,/game/6310672
final,Massachusetts,1,Dayton,1,0,final,10-09-2024,/game/6310674
final,St. Thomas (MN),1,Green Bay,3,-1,final,10-09-2024,/game/6310675
final,Saint Mary's (CA),0,Oregon St.,2,-1,final,10-09-2024,/game/6310673
final,George Mason,2,Loyola Chicago,1,1,final,10-09-2024,/game/6310677
final,Davidson,2,VCU,1,1,final,10-09-2024,/game/6310680
final,Fordham,2,Saint Louis,2,0,final,10-09-2024,/game/6310681
final,Duquesne,3,Rhode Island,0,1,final,10-09-2024,/game/6310684
final,Saint Joseph's,0,La Salle,3,-1,final,10-09-2024,/game/6310685
final,Omaha,1,Creighton,2,-1,final,10-09-2024,/game/6310683
final,Gonzaga,2,San Francisco,3,-1,final,10-09-2024,/game/6310676
final,Cal St. Fullerton,4,UC San Diego,1,1,final,10-09-2024,/game/6310678
final,CSU Bakersfield,1,UC Santa Barbara,1,0,final,10-09-2024,/game/6310679
final,Cal Poly,3,Sacramento St.,1,1,final,10-09-2024,/game/6310682
final,CSUN,2,UC Davis,2,0,final,10-09-2024,/game/6310686
final,Pacific,2,Portland,2,0,final,10-09-2024,/game/6310687
final,UC Riverside,1,UC Irvine,0,1,final,10-09-2024,/game/6310688
final,Eastern Ill.,1,UIW,4,-1,final,10-10-2024,/game/6310690
final,Mercyhurst,3,Saint Francis,0,1,final,10-10-2024,/game/6310691
final,Western Ill.,1,Liberty,0,1,final,10-10-2024,/game/6310689
final,UTRGV,1,Utah Valley,1,0,final,10-10-2024,/game/6310693
final,Southern Ind.,0,Houston Christian,2,-1,final,10-10-2024,/game/6310694
final,Lindenwood,0,SIUE,2,-1,final,10-10-2024,/game/6310696
final,Grand Canyon,1,Air Force,2,-1,final,10-10-2024,/game/6310692
final,Seattle U,1,UNLV,1,0,final,10-10-2024,/game/6310695
final,San Jose St.,0,Utah Tech,0,0,final,10-10-2024,/game/6310697
final,Marist,4,Canisius,1,1,final,10-11-2024,/game/6310698
final,SMU,2,Stanford,2,0,final,10-11-2024,/game/6310704
final,Lehigh,3,American,1,1,final,10-11-2024,/game/6310700
final,Virginia Tech,0,NC State,0,0,final,10-11-2024,/game/6310699
final,Rutgers,1,Northwestern,2,-1,final,10-11-2024,/game/6309528
final,Indiana,2,Penn St.,0,1,final,10-11-2024,/game/6309545
final,Michigan St.,2,Wisconsin,0,1,final,10-11-2024,/game/6309568
final,Central Ark.,1,Jacksonville,2,-1,final,10-11-2024,/game/6310701
final,High Point,5,Longwood,0,1,final,10-11-2024,/game/6310703
final,Ga. Southern,2,West Virginia,4,-1,final,10-11-2024,/game/6310705
final,Georgia St.,0,South Carolina,2,-1,final,10-11-2024,/game/6310706
final,Boston College,0,Virginia,1,-1,final,10-11-2024,/game/6310707
final,Kentucky,1,Old Dominion,0,1,final,10-11-2024,/game/6310708
final,Fla. Atlantic,3,South Fla.,1,1,final,10-11-2024,/game/6310709
final,Pittsburgh,0,California,1,-1,final,10-11-2024,/game/6310710
final,Delaware,3,UNCW,1,1,final,10-11-2024,/game/6310711
final,Notre Dame,1,North Carolina,1,0,final,10-11-2024,/game/6310712
final,Navy,1,Army West Point,2,-1,final,10-11-2024,/game/6310713
final,Louisville,2,Clemson,3,-1,final,10-11-2024,/game/6310714
final,UCLA,2,Ohio St.,1,1,final,10-11-2024,/game/6309513
final,Washington,2,Maryland,3,-1,final,10-11-2024,/game/6311286
final,Robert Morris,3,Wright St.,1,1,final,10-12-2024,/game/6310715
final,Stony Brook,1,Drexel,2,-1,final,10-12-2024,/game/6310717
final,Loyola Maryland,2,Colgate,1,1,final,10-12-2024,/game/6310718
final,UMass Lowell,1,Bryant,2,-1,final,10-12-2024,/game/6310723
final,George Washington,2,Saint Joseph's,0,1,final,10-12-2024,/game/6310724
final,Stonehill,0,Le Moyne,2,-1,final,10-12-2024,/game/6310725
final,Col. of Charleston,1,Northeastern,1,0,final,10-12-2024,/game/6310726
final,Boston U.,1,Bucknell,0,1,final,10-12-2024,/game/6310727
final,VMI,0,Mercer,3,-1,final,10-12-2024,/game/6310728
final,Marquette,0,Providence,1,-1,final,10-12-2024,/game/6310719
final,Green Bay,0,Northern Ky.,0,0,final,10-12-2024,/game/6310721
final,St. Thomas (MN),0,Oral Roberts,2,-1,final,10-12-2024,/game/6310722
final,Hofstra,1,Campbell,0,1,final,10-12-2024,/game/6310730
final,Saint Peter's,1,Manhattan,1,0,final,10-12-2024,/game/6310731
final,Temple,0,Memphis,0,0,final,10-12-2024,/game/6310732
final,Niagara,1,Iona,5,-1,final,10-12-2024,/game/6310733
final,Detroit Mercy,2,Milwaukee,1,1,final,10-12-2024,/game/6310734
final,Oakland,1,Purdue Fort Wayne,0,1,final,10-12-2024,/game/6310735
final,Seton Hall,2,Butler,1,1,final,10-12-2024,/game/6310736
final,USC Upstate,3,Radford,2,1,final,10-12-2024,/game/6310737
final,UC Davis,2,Cal St. Fullerton,1,1,final,10-12-2024,/game/6310716
final,NIU,1,Western Mich.,2,-1,final,10-12-2024,/game/6310738
final,Mount St. Mary's,2,Sacred Heart,2,0,final,10-12-2024,/game/6310740
final,Merrimack,0,Siena,3,-1,final,10-12-2024,/game/6310741
final,Dartmouth,2,Columbia,2,0,final,10-12-2024,/game/6310742
final,La Salle,0,St. Bonaventure,1,-1,final,10-12-2024,/game/6310743
final,Rider,2,Quinnipiac,0,1,final,10-12-2024,/game/6310744
final,Princeton,0,Cornell,1,-1,final,10-12-2024,/game/6310745
final,Penn,2,Brown,0,1,final,10-12-2024,/game/6310746
final,William & Mary,0,Monmouth,1,-1,final,10-12-2024,/game/6310748
final,Queens (NC),1,Stetson,2,-1,final,10-12-2024,/game/6310749
final,New Hampshire,1,Binghamton,2,-1,final,10-12-2024,/game/6310750
final,Yale,0,Harvard,1,-1,final,10-12-2024,/game/6310751
final,Lafayette,2,Holy Cross,0,1,final,10-12-2024,/game/6310752
final,LMU (CA),1,Pacific,0,1,final,10-12-2024,/game/6310739
final,Belmont,1,Missouri St.,2,-1,final,10-12-2024,/game/6310747
final,George Mason,1,Duquesne,2,-1,final,10-12-2024,/game/6310754
final,Bowling Green,0,Drake,0,0,final,10-12-2024,/game/6310756
final,James Madison,0,Coastal Carolina,0,0,final,10-12-2024,/game/6310757
final,UMBC,2,UAlbany,3,-1,final,10-12-2024,/game/6310758
final,Charlotte,0,FIU,0,0,final,10-12-2024,/game/6310759
final,Akron,3,Villanova,2,1,final,10-12-2024,/game/6310760
final,Wofford,0,ETSU,2,-1,final,10-12-2024,/game/6310761
final,Davidson,4,Massachusetts,2,1,final,10-12-2024,/game/6310762
final,Dayton,2,Fordham,4,-1,final,10-12-2024,/game/6310764
final,UNC Greensboro,1,Furman,0,1,final,10-12-2024,/game/6310769
final,UConn,0,Georgetown,1,-1,final,10-12-2024,/game/6310772
final,St. John's (NY),4,DePaul,1,1,final,10-12-2024,/game/6310773
final,VCU,1,Loyola Chicago,2,-1,final,10-12-2024,/game/6310774
final,Duke,0,Wake Forest,0,0,final,10-12-2024,/game/6310775
final,Xavier,0,Creighton,1,-1,final,10-12-2024,/game/6310776
final,Cleveland St.,2,IU Indy,1,1,final,10-12-2024,/game/6310778
final,Rhode Island,0,Saint Louis,1,-1,final,10-12-2024,/game/6310779
final,Winthrop,2,UNC Asheville,0,1,final,10-12-2024,/game/6310729
final,Gardner-Webb,2,Presbyterian,2,0,final,10-12-2024,/game/6310781
final,Evansville,3,UIC,1,1,final,10-12-2024,/game/6310765
final,UAB,1,Tulsa,1,0,final,10-12-2024,/game/6310766
final,Lipscomb,1,North Florida,2,-1,final,10-12-2024,/game/6310770
final,Kansas City,1,Denver,0,1,final,10-12-2024,/game/6310771
final,UC Irvine,0,UC Santa Barbara,1,-1,final,10-12-2024,/game/6310753
final,CSU Bakersfield,2,CSUN,1,1,final,10-12-2024,/game/6310755
final,Cal Poly,0,UC Riverside,0,0,final,10-12-2024,/game/6310763
final,Santa Clara,0,Saint Mary's (CA),0,0,final,10-12-2024,/game/6310768
final,UC San Diego,2,Sacramento St.,0,1,final,10-12-2024,/game/6310777
final,California Baptist,1,San Diego St.,2,-1,final,10-12-2024,/game/6310780
final,Southern Ind.,0,UIW,0,0,final,10-13-2024,/game/6310782
final,LIU,2,FDU,1,1,final,10-13-2024,/game/6310787
final,UTRGV,5,Air Force,1,1,final,10-13-2024,/game/6310784
final,SIUE,3,Liberty,1,1,final,10-13-2024,/game/6310783
final,Vermont,2,NJIT,0,1,final,10-13-2024,/game/6310720
final,Central Conn. St.,2,Chicago St.,4,-1,final,10-13-2024,/game/6310789
final,Saint Francis,3,Howard,0,1,final,10-13-2024,/game/6310790
final,Eastern Ill.,0,Houston Christian,3,-1,final,10-13-2024,/game/6310791
final,Seattle U,1,Utah Tech,0,1,final,10-13-2024,/game/6310785
final,San Francisco,1,Portland,1,0,final,10-13-2024,/game/6310786
final,Lindenwood,1,Western Ill.,0,1,final,10-13-2024,/game/6310792
final,San Jose St.,0,UNLV,0,0,final,10-13-2024,/game/6310788
final,UCF,0,Marshall,2,-1,final,10-13-2024,/game/6310702
final,Grand Canyon,1,Utah Valley,0,1,final,10-13-2024,/game/6310793
final,Boston College,5,Suffolk,1,1,final,10-14-2024,/game/6310794
final,Pittsburgh,0,High Point,1,-1,final,10-14-2024,/game/6310795
final,La Salle,6,Neumann,0,1,final,10-14-2024,/game/6310796
final,Western Mich.,2,Green Bay,0,1,final,10-15-2024,/game/6310831
final,Massachusetts,1,Holy Cross,0,1,final,10-15-2024,/game/6310799
final,Bellarmine,1,IU Indy,0,1,final,10-15-2024,/game/6310798
final,Le Moyne,1,Lafayette,2,-1,final,10-15-2024,/game/6310797
final,Colgate,1,Cornell,4,-1,final,10-15-2024,/game/6310800
final,NC State,1,Hofstra,1,0,final,10-15-2024,/game/6310801
final,Temple,2,Mercyhurst,0,1,final,10-15-2024,/game/6310802
final,William & Mary,2,North Carolina,5,-1,final,10-15-2024,/game/6310807
final,St. Bonaventure,4,Bucknell,1,1,final,10-15-2024,/game/6310806
final,UNCW,1,Wake Forest,4,-1,final,10-15-2024,/game/6310805
final,ETSU,3,Gardner-Webb,1,1,final,10-15-2024,/game/6310808
final,New Hampshire,1,Yale,0,1,final,10-15-2024,/game/6310809
final,Lehigh,0,Fairfield,0,0,final,10-15-2024,/game/6310810
final,Northeastern,4,Dartmouth,2,1,final,10-15-2024,/game/6310804
final,Michigan,0,Indiana,5,-1,final,10-15-2024,/game/6309590
final,Virginia,4,American,2,1,final,10-15-2024,/game/6310815
final,UConn,0,Bryant,0,0,final,10-15-2024,/game/6310825
final,Virginia Tech,6,Winthrop,0,1,final,10-15-2024,/game/6310816
final,Wofford,0,Longwood,1,-1,final,10-15-2024,/game/6310818
final,Kentucky,2,Bradley,2,0,final,10-15-2024,/game/6310819
final,Dayton,5,West Virginia,1,1,final,10-15-2024,/game/6310820
final,UNC Greensboro,4,Elon,1,1,final,10-15-2024,/game/6310821
final,Delaware,4,George Washington,1,1,final,10-15-2024,/game/6310822
final,Saint Joseph's,2,Mount St. Mary's,0,1,final,10-15-2024,/game/6310823
final,FGCU,0,Fla. Atlantic,3,-1,final,10-15-2024,/game/6310824
final,Ga. Southern,1,James Madison,3,-1,final,10-15-2024,/game/6310457
final,Princeton,0,Army West Point,1,-1,final,10-15-2024,/game/6310827
final,Clemson,4,Queens (NC),2,1,final,10-15-2024,/game/6310814
final,Monmouth,1,Penn,0,1,final,10-15-2024,/game/6310813
final,Georgia St.,1,Mercer,1,0,final,10-15-2024,/game/6310659
final,Memphis,1,Missouri St.,3,-1,final,10-15-2024,/game/6310803
final,Presbyterian,0,Furman,2,-1,final,10-15-2024,/game/6310812
final,Maryland,2,George Mason,0,1,final,10-15-2024,/game/6311287
final,SMU,1,Central Ark.,0,1,final,10-15-2024,/game/6310811
final,Northwestern,0,Wisconsin,0,0,final,10-15-2024,/game/6309529
final,VMI,10,Mary Baldwin,0,1,final,10-16-2024,/game/6310830
final,Western Ill.,2,Southern Ind.,0,1,final,10-16-2024,/game/6310829
final,Sacramento St.,5,CSUN,0,1,final,10-16-2024,/game/6310828
final,Col. of Charleston,2,North Florida,1,1,final,10-16-2024,/game/6310834
final,VCU,1,FIU,1,0,final,10-16-2024,/game/6310838
final,Duke,10,Howard,0,1,final,10-16-2024,/game/6310839
final,Louisville,2,Evansville,2,0,final,10-16-2024,/game/6310840
final,Denver,2,Omaha,0,1,final,10-16-2024,/game/6310833
final,Oral Roberts,1,Kansas City,2,-1,final,10-16-2024,/game/6310836
final,UC Irvine,1,CSU Bakersfield,0,1,final,10-16-2024,/game/6310832
final,UC Santa Barbara,3,UC Davis,1,1,final,10-16-2024,/game/6310835
final,UC Riverside,3,Cal St. Fullerton,3,0,final,10-16-2024,/game/6310837
final,UC San Diego,1,Cal Poly,0,1,final,10-16-2024,/game/6310841
final,FDU,1,Stonehill,3,-1,final,10-17-2024,/game/6310843
final,San Diego St.,2,Seattle U,1,1,final,10-17-2024,/game/6310842
final,Liberty,2,Eastern Ill.,0,1,final,10-17-2024,/game/6310844
final,Houston Christian,1,Lindenwood,1,0,final,10-17-2024,/game/6310847
final,UIW,0,SIUE,0,0,final,10-17-2024,/game/6310845
final,Utah Tech,1,Grand Canyon,0,1,final,10-17-2024,/game/6310846
final,San Diego,2,Santa Clara,1,1,final,10-17-2024,/game/6310850
final,California Baptist,3,San Jose St.,0,1,final,10-17-2024,/game/6310848
final,San Francisco,2,Stanford,0,1,final,10-17-2024,/game/6310849
final,UNLV,2,UTRGV,0,1,final,10-17-2024,/game/6310851
final,Rutgers,0,UCLA,3,-1,final,10-18-2024,/game/6309557
final,Indiana,3,Michigan St.,1,1,final,10-18-2024,/game/6309569
final,UCF,2,Old Dominion,0,1,final,10-18-2024,/game/6310852
final,South Fla.,1,Memphis,0,1,final,10-18-2024,/game/6310853
final,Winthrop,0,High Point,3,-1,final,10-18-2024,/game/6310857
final,Ga. Southern,1,Georgia St.,1,0,final,10-18-2024,/game/6310859
final,UIC,0,Belmont,1,-1,final,10-18-2024,/game/6310854
final,Tulsa,0,Charlotte,1,-1,final,10-18-2024,/game/6310858
final,Coastal Carolina,0,Marshall,0,0,final,10-18-2024,/game/6310860
final,Northwestern,1,Michigan,0,1,final,10-18-2024,/game/6309530
final,Portland,2,California,0,1,final,10-18-2024,/game/6310856
final,Oregon St.,4,Gonzaga,2,1,final,10-18-2024,/game/6310855
final,Washington,3,Penn St.,1,1,final,10-18-2024,/game/6309546
final,St. Bonaventure,1,Dayton,2,-1,final,10-19-2024,/game/6310862
final,Providence,1,St. John's (NY),1,0,final,10-19-2024,/game/6310863
final,Brown,3,Harvard,1,1,final,10-19-2024,/game/6310864
final,West Virginia,1,South Carolina,0,1,final,10-19-2024,/game/6310861
final,Georgetown,2,Seton Hall,0,1,final,10-19-2024,/game/6310865
final,Northeastern,6,Delaware,0,1,final,10-19-2024,/game/6310866
final,Loyola Maryland,4,Lehigh,1,1,final,10-19-2024,/game/6310868
final,Drexel,1,William & Mary,1,0,final,10-19-2024,/game/6310869
final,Bradley,1,Drake,2,-1,final,10-19-2024,/game/6310867
final,IU Indy,2,Northern Ky.,1,1,final,10-19-2024,/game/6310870
final,UNCW,4,Stony Brook,0,1,final,10-19-2024,/game/6310871
final,Saint Peter's,1,Merrimack,2,-1,final,10-19-2024,/game/6310872
final,DePaul,0,Akron,4,-1,final,10-19-2024,/game/6310873
final,Canisius,1,Sacred Heart,2,-1,final,10-19-2024,/game/6310876
final,Colgate,0,Boston U.,1,-1,final,10-19-2024,/game/6310877
final,NJIT,2,UAlbany,1,1,final,10-19-2024,/game/6310878
final,Radford,0,UNC Asheville,0,0,final,10-19-2024,/game/6310879
final,Siena,2,Iona,1,1,final,10-19-2024,/game/6310880
final,Quinnipiac,0,Marist,2,-1,final,10-19-2024,/game/6310882
final,Wright St.,1,Oakland,2,-1,final,10-19-2024,/game/6310883
final,Creighton,3,Villanova,1,1,final,10-19-2024,/game/6310875
final,Loyola Chicago,2,La Salle,1,1,final,10-19-2024,/game/6310881
final,Mount St. Mary's,1,Niagara,0,1,final,10-19-2024,/game/6310884
final,Columbia,1,Princeton,2,-1,final,10-19-2024,/game/6310885
final,Vermont,1,Bryant,0,1,final,10-19-2024,/game/6310887
final,Saint Joseph's,1,George Mason,4,-1,final,10-19-2024,/game/6310888
final,Sacramento St.,3,UC Santa Barbara,1,1,final,10-19-2024,/game/6310874
final,NC State,5,SMU,1,1,final,10-19-2024,/game/6310889
final,North Carolina,1,Pittsburgh,2,-1,final,10-19-2024,/game/6310890
final,Fordham,3,George Washington,1,1,final,10-19-2024,/game/6310891
final,Jacksonville,0,Queens (NC),0,0,final,10-19-2024,/game/6310892
final,Binghamton,1,UMass Lowell,0,1,final,10-19-2024,/game/6310893
final,Presbyterian,1,USC Upstate,2,-1,final,10-19-2024,/game/6310894
final,Wake Forest,2,Virginia Tech,1,1,final,10-19-2024,/game/6310895
final,Monmouth,1,Elon,0,1,final,10-19-2024,/game/6310896
final,American,1,Lafayette,0,1,final,10-19-2024,/game/6310899
final,Furman,4,VMI,1,1,final,10-19-2024,/game/6310900
final,James Madison,2,Kentucky,0,1,final,10-19-2024,/game/6310901
final,Virginia,3,Syracuse,0,1,final,10-19-2024,/game/6310902
final,Mercer,0,ETSU,1,-1,final,10-19-2024,/game/6310903
final,Wofford,3,UNC Greensboro,2,1,final,10-19-2024,/game/6310904
final,North Florida,3,Bellarmine,0,1,final,10-19-2024,/game/6310905
final,Stetson,1,Central Ark.,1,0,final,10-19-2024,/game/6310906
final,Butler,0,UConn,1,-1,final,10-19-2024,/game/6310907
final,Duquesne,1,Davidson,0,1,final,10-19-2024,/game/6310912
final,Fairfield,0,Rider,1,-1,final,10-19-2024,/game/6310913
final,Purdue Fort Wayne,1,Detroit Mercy,1,0,final,10-19-2024,/game/6310915
final,FGCU,2,Lipscomb,0,1,final,10-19-2024,/game/6310916
final,New Hampshire,2,UMBC,1,1,final,10-19-2024,/game/6310918
final,Campbell,0,Col. of Charleston,2,-1,final,10-19-2024,/game/6310919
final,Dartmouth,4,Yale,0,1,final,10-19-2024,/game/6310921
final,Notre Dame,1,Boston College,1,0,final,10-19-2024,/game/6310923
final,Xavier,0,Marquette,0,0,final,10-19-2024,/game/6310924
final,Rhode Island,1,Massachusetts,2,-1,final,10-19-2024,/game/6310925
final,Longwood,1,Gardner-Webb,2,-1,final,10-19-2024,/game/6310926
final,Wisconsin,2,Ohio St.,3,-1,final,10-19-2024,/game/6309514
final,Milwaukee,1,Cleveland St.,0,1,final,10-19-2024,/game/6310908
final,Omaha,0,Oral Roberts,1,-1,final,10-19-2024,/game/6310909
final,UAB,0,Temple,1,-1,final,10-19-2024,/game/6310910
final,Saint Louis,1,VCU,1,0,final,10-19-2024,/game/6310911
final,Kansas City,1,St. Thomas (MN),2,-1,final,10-19-2024,/game/6310920
final,NIU,1,Evansville,2,-1,final,10-19-2024,/game/6310922
final,Cal St. Fullerton,0,Cal Poly,1,-1,final,10-19-2024,/game/6310897
final,CSU Bakersfield,3,UC San Diego,1,1,final,10-19-2024,/game/6310898
final,CSUN,0,UC Irvine,1,-1,final,10-19-2024,/game/6310914
final,UC Riverside,1,UC Davis,1,0,final,10-19-2024,/game/6310917
final,Saint Francis,3,Chicago St.,1,1,final,10-20-2024,/game/6310927
final,Cornell,2,Penn,3,-1,final,10-20-2024,/game/6310886
final,Stonehill,3,Mercyhurst,3,0,final,10-20-2024,/game/6310937
final,Le Moyne,4,Central Conn. St.,0,1,final,10-20-2024,/game/6310933
final,Robert Morris,5,Green Bay,0,1,final,10-20-2024,/game/6310932
final,Holy Cross,3,Navy,0,1,final,10-20-2024,/game/6310931
final,Army West Point,0,Bucknell,1,-1,final,10-20-2024,/game/6310929
final,Liberty,5,Southern Ind.,0,1,final,10-20-2024,/game/6310928
final,Houston Christian,1,SIUE,0,1,final,10-20-2024,/game/6310935
final,UIW,2,Lindenwood,2,0,final,10-20-2024,/game/6310930
final,Howard,4,LIU,1,1,final,10-20-2024,/game/6310940
final,Air Force,0,Utah Valley,2,-1,final,10-20-2024,/game/6310934
final,Western Ill.,1,Eastern Ill.,2,-1,final,10-20-2024,/game/6310938
final,Utah Tech,1,UTRGV,1,0,final,10-20-2024,/game/6310939
final,San Diego St.,1,San Jose St.,0,1,final,10-20-2024,/game/6310941
final,FIU,1,Fla. Atlantic,2,-1,final,10-20-2024,/game/6310943
final,California Baptist,0,Seattle U,1,-1,final,10-20-2024,/game/6310942
final,Missouri St.,2,Bowling Green,1,1,final,10-20-2024,/game/6310944
final,UNLV,0,Grand Canyon,0,0,final,10-20-2024,/game/6310945
final,Maryland,1,UCLA,1,0,final,10-21-2024,/game/6309599
final,Stanford,1,Pacific,1,0,final,10-21-2024,/game/6310946
final,Washington,2,LMU (CA),0,1,final,10-21-2024,/game/6311280
final,Gardner-Webb,3,UAB,2,1,final,10-22-2024,/game/6310948
final,Duquesne,1,Northern Ky.,0,1,final,10-22-2024,/game/6310950
final,California,4,Saint Mary's (CA),2,1,final,10-22-2024,/game/6310947
final,Presbyterian,1,UNC Asheville,2,-1,final,10-22-2024,/game/6310404
final,Furman,2,Wofford,0,1,final,10-22-2024,/game/6310605
final,Campbell,1,Winthrop,0,1,final,10-22-2024,/game/6310957
final,Detroit Mercy,1,Western Mich.,4,-1,final,10-22-2024,/game/6310954
final,Fordham,0,Princeton,1,-1,final,10-22-2024,/game/6310955
final,NJIT,2,Drexel,1,1,final,10-22-2024,/game/6310956
final,Clemson,6,USC Upstate,0,1,final,10-22-2024,/game/6310952
final,South Fla.,1,Hofstra,3,-1,final,10-22-2024,/game/6310951
final,Michigan St.,0,Michigan,0,0,final,10-22-2024,/game/6309570
final,Davidson,8,JWU (Charlotte),0,1,final,10-22-2024,/game/6310953
final,UAlbany,3,Colgate,1,1,final,10-22-2024,/game/6310964
final,Wright St.,3,Bellarmine,2,1,final,10-22-2024,/game/6310963
final,Louisville,4,Milwaukee,0,1,final,10-22-2024,/game/6310962
final,Lafayette,4,Stony Brook,2,1,final,10-22-2024,/game/6310961
final,Duke,5,Queens (NC),0,1,final,10-22-2024,/game/6310960
final,Notre Dame,5,UIC,0,1,final,10-22-2024,/game/6310959
final,Loyola Chicago,4,Olivet Nazarene,1,1,final,10-22-2024,/game/6310958
final,Iona,1,Marist,0,1,final,10-23-2024,/game/6310966
final,DePaul,2,Marquette,2,0,final,10-23-2024,/game/6310965
final,Villanova,3,Georgetown,3,0,final,10-23-2024,/game/6310968
final,Siena,1,Canisius,1,0,final,10-23-2024,/game/6310969
final,William & Mary,2,NC State,4,-1,final,10-23-2024,/game/6310970
final,UC Davis,1,CSU Bakersfield,0,1,final,10-23-2024,/game/6310967
final,Sacred Heart,3,Saint Peter's,1,1,final,10-23-2024,/game/6310972
final,Manhattan,4,Quinnipiac,2,1,final,10-23-2024,/game/6310973
final,Missouri St.,0,Saint Louis,0,0,final,10-23-2024,/game/6310971
final,UCF,2,Kentucky,1,1,final,10-23-2024,/game/6310974
final,Coastal Carolina,2,Old Dominion,3,-1,final,10-23-2024,/game/6310976
final,Harvard,1,Stonehill,2,-1,final,10-23-2024,/game/6310978
final,West Virginia,2,Georgia St.,1,1,final,10-23-2024,/game/6310979
final,Merrimack,2,Fairfield,2,0,final,10-23-2024,/game/6310981
final,Akron,3,Creighton,0,1,final,10-23-2024,/game/6310982
final,Butler,5,Xavier,1,1,final,10-23-2024,/game/6310983
final,Elon,0,Charlotte,2,-1,final,10-23-2024,/game/6310985
final,UNC Greensboro,3,UNCW,1,1,final,10-23-2024,/game/6310986
final,UConn,1,Providence,2,-1,final,10-23-2024,/game/6310987
final,Seton Hall,0,St. John's (NY),1,-1,final,10-23-2024,/game/6310988
final,South Carolina,3,James Madison,1,1,final,10-23-2024,/game/6310980
final,Marshall,4,Ga. Southern,1,1,final,10-23-2024,/game/6310990
final,UC Santa Barbara,4,CSUN,3,1,final,10-23-2024,/game/6310975
final,Cal St. Fullerton,3,Sacramento St.,1,1,final,10-23-2024,/game/6310977
final,Cal Poly,1,UC Irvine,1,0,final,10-23-2024,/game/6310984
final,UC San Diego,0,UC Riverside,1,-1,final,10-23-2024,/game/6310989
final,Mercyhurst,2,Le Moyne,0,1,final,10-24-2024,/game/6310991
final,UTRGV,0,San Diego St.,0,0,final,10-24-2024,/game/6310993
final,Air Force,2,Utah Tech,3,-1,final,10-24-2024,/game/6310992
final,Chicago St.,1,FDU,2,-1,final,10-24-2024,/game/6310995
final,Utah Valley,0,UNLV,0,0,final,10-24-2024,/game/6310994
final,Grand Canyon,1,California Baptist,2,-1,final,10-24-2024,/game/6310996
final,Virginia Tech,0,Duke,1,-1,final,10-25-2024,/game/6310998
final,Delaware,1,Drexel,2,-1,final,10-25-2024,/game/6311005
final,Pittsburgh,4,Virginia,1,1,final,10-25-2024,/game/6311004
final,Michigan,2,Maryland,0,1,final,10-25-2024,/game/6309591
final,Central Ark.,1,FGCU,2,-1,final,10-25-2024,/game/6310999
final,Ohio St.,2,Northwestern,0,1,final,10-25-2024,/game/6309515
final,Belmont,0,NIU,1,-1,final,10-25-2024,/game/6311000
final,Clemson,6,Syracuse,1,1,final,10-25-2024,/game/6311006
final,SMU,3,Wake Forest,0,1,final,10-25-2024,/game/6311001
final,Evansville,1,Bowling Green,0,1,final,10-25-2024,/game/6311002
final,Lindenwood,1,Liberty,0,1,final,10-25-2024,/game/6311003
final,Gonzaga,1,Portland,2,-1,final,10-25-2024,/game/6310997
final,Washington,2,Rutgers,0,1,final,10-25-2024,/game/6309558
final,UCLA,1,Indiana,2,-1,final,10-25-2024,/game/6309600
final,Western Mich.,0,Bradley,0,0,final,10-26-2024,/game/6311007
final,Col. of Charleston,3,Hofstra,1,1,final,10-26-2024,/game/6311008
final,Massachusetts,1,Duquesne,0,1,final,10-26-2024,/game/6311009
final,Georgetown,4,DePaul,0,1,final,10-26-2024,/game/6311010
final,Harvard,1,Columbia,0,1,final,10-26-2024,/game/6311011
final,Northern Ky.,1,Milwaukee,4,-1,final,10-26-2024,/game/6311012
final,Canisius,2,Mount St. Mary's,1,1,final,10-26-2024,/game/6311013
final,Detroit Mercy,2,Wright St.,0,1,final,10-26-2024,/game/6311015
final,Bucknell,1,Colgate,0,1,final,10-26-2024,/game/6311017
final,Oakland,3,Robert Morris,2,1,final,10-26-2024,/game/6311018
final,Villanova,0,Providence,1,-1,final,10-26-2024,/game/6311019
final,Lafayette,1,Loyola Maryland,0,1,final,10-26-2024,/game/6311021
final,Boston U.,2,American,2,0,final,10-26-2024,/game/6311022
final,Green Bay,2,IU Indy,0,1,final,10-26-2024,/game/6311014
final,St. Thomas (MN),0,Denver,4,-1,final,10-26-2024,/game/6311016
final,Eastern Ill.,2,Southern Ind.,2,0,final,10-26-2024,/game/6311020
final,Longwood,0,UNC Asheville,4,-1,final,10-26-2024,/game/6311023
final,UNCW,3,Monmouth,0,1,final,10-26-2024,/game/6311024
final,Saint Peter's,2,Fairfield,0,1,final,10-26-2024,/game/6311025
final,Temple,0,FIU,0,0,final,10-26-2024,/game/6311026
final,Niagara,0,Manhattan,2,-1,final,10-26-2024,/game/6311027
final,Radford,1,Winthrop,3,-1,final,10-26-2024,/game/6311028
final,St. John's (NY),1,UConn,1,0,final,10-26-2024,/game/6311029
final,VMI,0,UNC Greensboro,1,-1,final,10-26-2024,/game/6311031
final,SIUE,3,Western Ill.,0,1,final,10-26-2024,/game/6311030
final,Quinnipiac,0,Iona,1,-1,final,10-26-2024,/game/6311034
final,Creighton,6,Butler,1,1,final,10-26-2024,/game/6311033
final,Princeton,1,Yale,0,1,final,10-26-2024,/game/6311035
final,Saint Joseph's,3,Rhode Island,2,1,final,10-26-2024,/game/6311036
final,UC Davis,2,UC San Diego,0,1,final,10-26-2024,/game/6311032
final,George Mason,4,St. Bonaventure,1,1,final,10-26-2024,/game/6311038
final,Queens (NC),0,North Florida,2,-1,final,10-26-2024,/game/6311039
final,Holy Cross,1,Army West Point,0,1,final,10-26-2024,/game/6311040
final,ETSU,1,Furman,1,0,final,10-26-2024,/game/6311041
final,Davidson,1,Dayton,5,-1,final,10-26-2024,/game/6311042
final,UMass Lowell,1,NJIT,1,0,final,10-26-2024,/game/6311043
final,Gardner-Webb,4,USC Upstate,0,1,final,10-26-2024,/game/6311044
final,Lehigh,0,Navy,1,-1,final,10-26-2024,/game/6311045
final,UAlbany,1,New Hampshire,5,-1,final,10-26-2024,/game/6311046
final,Penn St.,0,Wisconsin,2,-1,final,10-26-2024,/game/6309547
final,Presbyterian,1,High Point,2,-1,final,10-26-2024,/game/6311048
final,South Fla.,1,Tulsa,2,-1,final,10-26-2024,/game/6311049
final,Penn,3,Dartmouth,2,1,final,10-26-2024,/game/6311055
final,William & Mary,2,Campbell,3,-1,final,10-26-2024,/game/6311056
final,UMBC,1,Vermont,0,1,final,10-26-2024,/game/6311057
final,Mercer,0,Wofford,1,-1,final,10-26-2024,/game/6311058
final,Boston College,4,Stony Brook,2,1,final,10-26-2024,/game/6311059
final,Fordham,5,Loyola Chicago,1,1,final,10-26-2024,/game/6311060
final,Elon,4,Northeastern,2,1,final,10-26-2024,/game/6311061
final,Bellarmine,2,Jacksonville,1,1,final,10-26-2024,/game/6311062
final,Brown,0,Cornell,1,-1,final,10-26-2024,/game/6311069
final,La Salle,1,VCU,1,0,final,10-26-2024,/game/6311070
final,Rider,1,Siena,0,1,final,10-26-2024,/game/6311071
final,Xavier,0,Seton Hall,1,-1,final,10-26-2024,/game/6311072
final,Marist,0,Merrimack,0,0,final,10-26-2024,/game/6311073
final,Cleveland St.,3,Purdue Fort Wayne,0,1,final,10-26-2024,/game/6311074
final,Memphis,2,Fla. Atlantic,1,1,final,10-26-2024,/game/6311050
final,UIW,0,Houston Christian,0,0,final,10-26-2024,/game/6311052
final,Drake,1,UIC,0,1,final,10-26-2024,/game/6311053
final,Saint Louis,5,George Washington,0,1,final,10-26-2024,/game/6311063
final,Lipscomb,1,Stetson,1,0,final,10-26-2024,/game/6311065
final,Kansas City,3,Omaha,2,1,final,10-26-2024,/game/6311067
final,Marquette,0,Akron,3,-1,final,10-26-2024,/game/6311094
final,UC Irvine,3,Sacramento St.,1,1,final,10-26-2024,/game/6311037
final,UC Santa Barbara,1,Cal St. Fullerton,1,0,final,10-26-2024,/game/6311047
final,LMU (CA),1,San Francisco,2,-1,final,10-26-2024,/game/6311051
final,CSU Bakersfield,4,UC Riverside,1,1,final,10-26-2024,/game/6311054
final,CSUN,1,Cal Poly,1,0,final,10-26-2024,/game/6311064
final,Pacific,1,Santa Clara,2,-1,final,10-26-2024,/game/6311066
final,San Jose St.,1,Seattle U,4,-1,final,10-26-2024,/game/6311068
final,San Diego,2,Oregon St.,0,1,final,10-26-2024,/game/6311075
final,Le Moyne,2,Howard,0,1,final,10-27-2024,/game/6311077
final,FDU,3,Mercyhurst,0,1,final,10-27-2024,/game/6311076
final,UTRGV,2,California Baptist,0,1,final,10-27-2024,/game/6311078
final,LIU,2,Stonehill,0,1,final,10-27-2024,/game/6311079
final,Central Conn. St.,0,Saint Francis,2,-1,final,10-27-2024,/game/6311080
final,Bryant,4,Binghamton,1,1,final,10-27-2024,/game/6311083
final,Air Force,0,UNLV,3,-1,final,10-27-2024,/game/6311081
final,NC State,1,Louisville,0,1,final,10-27-2024,/game/6311085
final,Old Dominion,1,South Carolina,3,-1,final,10-27-2024,/game/6311087
final,Georgia St.,3,Marshall,3,0,final,10-27-2024,/game/6311086
final,California,0,Notre Dame,2,-1,final,10-27-2024,/game/6311082
final,Ga. Southern,2,UCF,0,1,final,10-27-2024,/game/6311088
final,James Madison,2,West Virginia,2,0,final,10-27-2024,/game/6311089
final,Charlotte,0,UAB,0,0,final,10-27-2024,/game/6311090
final,Kentucky,5,Coastal Carolina,0,1,final,10-27-2024,/game/6311091
final,Stanford,1,North Carolina,2,-1,final,10-27-2024,/game/6311084
final,Grand Canyon,0,San Diego St.,1,-1,final,10-27-2024,/game/6311092
final,Utah Valley,2,Utah Tech,1,1,final,10-28-2024,/game/6311093
final,Bellarmine,2,FGCU,0,1,final,10-29-2024,/game/6310767
final,Villanova,1,Drexel,1,0,final,10-29-2024,/game/6311095
final,VMI,0,Queens (NC),3,-1,final,10-29-2024,/game/6311096
final,Ohio St.,2,Michigan St.,2,0,final,10-29-2024,/game/6309516
final,Gardner-Webb,1,UNC Asheville,1,0,final,10-29-2024,/game/6310592
final,Virginia Tech,2,Davidson,2,0,final,10-29-2024,/game/6311097
final,Rutgers,3,Maryland,1,1,final,10-29-2024,/game/6309559
final,Clemson,2,Wofford,1,1,final,10-29-2024,/game/6311099
final,Mercer,4,Winthrop,0,1,final,10-29-2024,/game/6311100
final,Brown,2,Rhode Island,1,1,final,10-29-2024,/game/6311102
final,Duke,4,Longwood,1,1,final,10-29-2024,/game/6311103
final,Princeton,5,Seton Hall,2,1,final,10-29-2024,/game/6311104
final,Belmont,2,Lipscomb,0,1,final,10-29-2024,/game/6311098
final,Indiana,6,Northwestern,1,1,final,10-29-2024,/game/6309531
final,Saint Louis,7,Blackburn,0,1,final,10-29-2024,/game/6311101
final,Quinnipiac,3,Merrimack,2,1,final,10-30-2024,/game/6311105
final,Mount St. Mary's,1,Saint Peter's,3,-1,final,10-30-2024,/game/6311106
final,Marist,4,Niagara,1,1,final,10-30-2024,/game/6311107
final,Virginia,4,Mary Washington,2,1,final,10-30-2024,/game/6311109
final,Manhattan,0,Rider,2,-1,final,10-30-2024,/game/6311110
final,Dayton,2,VCU,0,1,final,10-30-2024,/game/6310470
final,Fairfield,1,Sacred Heart,0,1,final,10-30-2024,/game/6311116
final,Denver,2,Kansas City,1,1,final,10-30-2024,/game/6311108
final,Oral Roberts,3,St. Thomas (MN),0,1,final,10-30-2024,/game/6311111
final,Oregon St.,5,LMU (CA),1,1,final,10-30-2024,/game/6311112
final,Portland,2,Saint Mary's (CA),2,0,final,10-30-2024,/game/6311113
final,San Francisco,0,San Diego,1,-1,final,10-30-2024,/game/6311114
final,Santa Clara,1,Gonzaga,0,1,final,10-30-2024,/game/6311115
final,Mercyhurst,0,LIU,0,0,final,10-31-2024,/game/6311117
final,Western Ill.,0,UIW,2,-1,final,10-31-2024,/game/6311118
final,Eastern Ill.,0,Lindenwood,2,-1,final,10-31-2024,/game/6311120
final,Southern Ind.,1,SIUE,2,-1,final,10-31-2024,/game/6311121
final,San Jose St.,3,Grand Canyon,0,1,final,10-31-2024,/game/6311119
final,West Virginia,0,Coastal Carolina,0,0,final,10-31-2024,/game/6311124
final,Howard,0,FDU,1,-1,final,10-31-2024,/game/6311123
final,Liberty,0,Houston Christian,0,0,final,10-31-2024,/game/6311122
final,California Baptist,4,Air Force,2,1,final,10-31-2024,/game/6311126
final,Seattle U,3,UTRGV,1,1,final,10-31-2024,/game/6311125
final,Oakland,1,Green Bay,0,1,final,11-01-2024,/game/6311130
final,American,1,Holy Cross,1,0,final,11-01-2024,/game/6311129
final,Purdue Fort Wayne,1,Northern Ky.,3,-1,final,11-01-2024,/game/6311131
final,Robert Morris,1,Detroit Mercy,1,0,final,11-01-2024,/game/6311132
final,UMass Lowell,1,Vermont,2,-1,final,11-01-2024,/game/6311133
final,Lehigh,1,Colgate,2,-1,final,11-01-2024,/game/6311128
final,Milwaukee,3,IU Indy,1,1,final,11-01-2024,/game/6311134
final,Army West Point,2,Loyola Maryland,2,0,final,11-01-2024,/game/6311135
final,Virginia Tech,2,Clemson,2,0,final,11-01-2024,/game/6311136
final,Binghamton,1,UAlbany,1,0,final,11-01-2024,/game/6311138
final,Indiana,4,Trine,1,1,final,11-01-2024,/game/6309613
final,Wright St.,1,Cleveland St.,4,-1,final,11-01-2024,/game/6311158
final,Louisville,2,SMU,3,-1,final,11-01-2024,/game/6311157
final,Duke,4,Notre Dame,0,1,final,11-01-2024,/game/6311156
final,Syracuse,2,Pittsburgh,0,1,final,11-01-2024,/game/6311155
final,Bucknell,1,Lafayette,1,0,final,11-01-2024,/game/6311153
final,Kentucky,1,Marshall,1,0,final,11-01-2024,/game/6311152
final,Bowling Green,3,Western Mich.,0,1,final,11-01-2024,/game/6311145
final,NJIT,0,New Hampshire,0,0,final,11-01-2024,/game/6311151
final,Navy,0,Boston U.,1,-1,final,11-01-2024,/game/6311150
final,Bryant,0,UMBC,1,-1,final,11-01-2024,/game/6311148
final,James Madison,0,Georgia St.,1,-1,final,11-01-2024,/game/6311146
final,Ga. Southern,2,Old Dominion,3,-1,final,11-01-2024,/game/6311143
final,Wake Forest,1,NC State,0,1,final,11-01-2024,/game/6311142
final,High Point,0,Gardner-Webb,1,-1,final,11-01-2024,/game/6311141
final,FIU,2,Memphis,2,0,final,11-01-2024,/game/6311140
final,UCF,4,South Carolina,0,1,final,11-01-2024,/game/6311139
final,UAB,2,South Fla.,4,-1,final,11-01-2024,/game/6311137
final,North Carolina,0,Boston College,1,-1,final,11-01-2024,/game/6311160
final,UIC,2,Bradley,0,1,final,11-01-2024,/game/6311144
final,Missouri St.,6,Evansville,1,1,final,11-01-2024,/game/6311149
final,NIU,2,Drake,3,-1,final,11-01-2024,/game/6311154
final,Tulsa,0,Temple,1,-1,final,11-01-2024,/game/6311159
final,Stanford,0,California,1,-1,final,11-01-2024,/game/6311147
final,Stony Brook,0,William & Mary,2,-1,final,11-02-2024,/game/6311163
final,Drexel,5,Col. of Charleston,1,1,final,11-02-2024,/game/6311165
final,Iona,2,Manhattan,1,1,final,11-02-2024,/game/6311166
final,George Washington,1,La Salle,2,-1,final,11-02-2024,/game/6311167
final,Rider,2,Marist,2,0,final,11-02-2024,/game/6311169
final,VMI,1,Wofford,2,-1,final,11-02-2024,/game/6311170
final,St. Thomas (MN),0,Omaha,5,-1,final,11-02-2024,/game/6311164
final,Loyola Chicago,4,Saint Joseph's,1,1,final,11-02-2024,/game/6311168
final,Providence,1,Xavier,0,1,final,11-02-2024,/game/6311171
final,Niagara,0,Quinnipiac,1,-1,final,11-02-2024,/game/6311172
final,Butler,3,DePaul,5,-1,final,11-02-2024,/game/6311173
final,Fairfield,2,Canisius,2,0,final,11-02-2024,/game/6311174
final,Longwood,2,Radford,2,0,final,11-02-2024,/game/6311175
final,UConn,0,Akron,0,0,final,11-02-2024,/game/6311176
final,St. John's (NY),2,Georgetown,0,1,final,11-02-2024,/game/6311177
final,Seton Hall,1,Villanova,0,1,final,11-02-2024,/game/6311178
final,Marquette,2,Creighton,5,-1,final,11-02-2024,/game/6311186
final,Siena,2,Mount St. Mary's,2,0,final,11-02-2024,/game/6311180
final,Saint Mary's (CA),3,Gonzaga,1,1,final,11-02-2024,/game/6311162
final,St. Bonaventure,1,Massachusetts,5,-1,final,11-02-2024,/game/6311181
final,Merrimack,3,Sacred Heart,2,1,final,11-02-2024,/game/6311182
final,Cornell,3,Harvard,0,1,final,11-02-2024,/game/6311183
final,Yale,0,Penn,1,-1,final,11-02-2024,/game/6311184
final,Sacramento St.,2,UC Davis,4,-1,final,11-02-2024,/game/6311179
final,Northeastern,3,UNCW,0,1,final,11-02-2024,/game/6311185
final,UNC Greensboro,3,ETSU,2,1,final,11-02-2024,/game/6311187
final,FGCU,0,Queens (NC),1,-1,final,11-02-2024,/game/6311188
final,Hofstra,4,Delaware,0,1,final,11-02-2024,/game/6311189
final,Furman,1,Mercer,1,0,final,11-02-2024,/game/6311192
final,North Florida,2,Central Ark.,6,-1,final,11-02-2024,/game/6311193
final,Stetson,1,Bellarmine,1,0,final,11-02-2024,/game/6311194
final,Dayton,4,Saint Louis,1,1,final,11-02-2024,/game/6311195
final,Fla. Atlantic,6,Charlotte,1,1,final,11-02-2024,/game/6311196
final,Duquesne,1,Fordham,1,0,final,11-02-2024,/game/6311197
final,Campbell,1,Elon,2,-1,final,11-02-2024,/game/6311200
final,USC Upstate,1,UNC Asheville,4,-1,final,11-02-2024,/game/6311201
final,Dartmouth,1,Princeton,2,-1,final,11-02-2024,/game/6311202
final,VCU,0,George Mason,0,0,final,11-02-2024,/game/6311203
final,Winthrop,2,Presbyterian,5,-1,final,11-02-2024,/game/6311204
final,Jacksonville,3,Lipscomb,2,1,final,11-02-2024,/game/6311206
final,Rhode Island,1,Davidson,2,-1,final,11-02-2024,/game/6311207
final,Oral Roberts,0,Denver,1,-1,final,11-02-2024,/game/6311190
final,Portland,5,LMU (CA),0,1,final,11-02-2024,/game/6311161
final,Cal St. Fullerton,1,CSUN,1,0,final,11-02-2024,/game/6311191
final,Pacific,0,San Diego,1,-1,final,11-02-2024,/game/6311198
final,UC Riverside,2,UC Santa Barbara,0,1,final,11-02-2024,/game/6311199
final,UC San Diego,2,UC Irvine,2,0,final,11-02-2024,/game/6311205
final,Cal Poly,1,CSU Bakersfield,0,1,final,11-02-2024,/game/6311208
final,Michigan St.,0,Rutgers,1,-1,final,11-03-2024,/game/6309560
final,UCLA,0,Washington,1,-1,final,11-03-2024,/game/6309601
final,Howard,0,Mercyhurst,2,-1,final,11-03-2024,/game/6311209
final,Liberty,2,UIW,2,0,final,11-03-2024,/game/6311211
final,Maryland,1,Ohio St.,2,-1,final,11-03-2024,/game/6309517
final,Stonehill,5,Chicago St.,1,1,final,11-03-2024,/game/6311215
final,Northwestern,4,Penn St.,1,1,final,11-03-2024,/game/6309532
final,Wisconsin,1,Michigan,1,0,final,11-03-2024,/game/6309581
final,Columbia,1,Brown,3,-1,final,11-03-2024,/game/6311222
final,Lindenwood,7,Southern Ind.,0,1,final,11-03-2024,/game/6311214
final,Western Ill.,1,Houston Christian,0,1,final,11-03-2024,/game/6311216
final,Eastern Ill.,0,SIUE,3,-1,final,11-03-2024,/game/6311218
final,LIU,1,Central Conn. St.,0,1,final,11-03-2024,/game/6311221
final,Saint Francis,4,Le Moyne,0,1,final,11-03-2024,/game/6311220
final,San Diego St.,2,Air Force,0,1,final,11-03-2024,/game/6311210
final,Utah Tech,2,UNLV,1,1,final,11-03-2024,/game/6311219
final,Oregon St.,1,San Francisco,1,0,final,11-03-2024,/game/6311212
final,Seattle U,5,Grand Canyon,0,1,final,11-03-2024,/game/6311213
final,San Jose St.,0,UTRGV,0,0,final,11-03-2024,/game/6311217
final,California Baptist,0,Utah Valley,1,-1,final,11-03-2024,/game/6311223
final,Kansas City,12,Avila,0,1,final,11-03-2024,/game/6311224
final,St. John's (NY),7,CCNY,1,1,final,11-04-2024,/game/6311225
final,Green Bay,1,Milwaukee,1,0,final,11-05-2024,/game/6311226
final,IU Indy,0,Purdue Fort Wayne,1,-1,final,11-05-2024,/game/6311227
final,Northern Ky.,1,Wright St.,4,-1,final,11-05-2024,/game/6311228
final,Cleveland St.,3,Robert Morris,2,1,final,11-05-2024,/game/6311229
final,New Hampshire,4,UMass Lowell,0,1,final,11-05-2024,/game/6311233
final,Colgate,3,Army West Point,0,1,final,11-05-2024,/game/6311230
final,Holy Cross,1,Boston U.,1,0,final,11-05-2024,/game/6311231
final,Vermont,1,Binghamton,1,0,final,11-05-2024,/game/6311232
final,Georgia St.,4,Kentucky,7,-1,final,11-05-2024,/game/6311237
final,Old Dominion,1,James Madison,0,1,final,11-05-2024,/game/6311239
final,Navy,1,American,3,-1,final,11-05-2024,/game/6311240
final,Lafayette,1,Lehigh,2,-1,final,11-05-2024,/game/6311241
final,UAlbany,0,Bryant,4,-1,final,11-05-2024,/game/6311242
final,Loyola Maryland,0,Bucknell,0,0,final,11-05-2024,/game/6311235
final,UMBC,2,NJIT,0,1,final,11-05-2024,/game/6311236
final,Coastal Carolina,1,UCF,2,-1,final,11-05-2024,/game/6311234
final,South Carolina,3,Ga. Southern,0,1,final,11-05-2024,/game/6311238
final,Marshall,0,West Virginia,0,0,final,11-05-2024,/game/6311243
final,Quinnipiac,3,Fairfield,1,1,final,11-06-2024,/game/6311246
final,Saint Peter's,0,Iona,4,-1,final,11-06-2024,/game/6311244
final,Western Mich.,2,UIC,1,1,final,11-06-2024,/game/6311247
final,UC Davis,2,CSU Bakersfield,1,1,final,11-06-2024,/game/6381215
final,Rider,3,Mount St. Mary's,0,1,final,11-06-2024,/game/6311248
final,Marist,2,Siena,5,-1,final,11-06-2024,/game/6311252
final,Winthrop,1,Presbyterian,2,-1,final,11-06-2024,/game/6381220
final,Clemson,3,Louisville,1,1,final,11-06-2024,/game/6381235
final,North Carolina,1,California,2,-1,final,11-06-2024,/game/6381232
final,Canisius,1,Niagara,0,1,final,11-06-2024,/game/6311249
final,Sacred Heart,0,Manhattan,0,0,final,11-06-2024,/game/6311250
final,UNC Asheville,3,Longwood,4,-1,final,11-06-2024,/game/6381221
final,Evansville,2,Belmont,2,0,final,11-06-2024,/game/6311251
final,Duke,2,Virginia Tech,0,1,final,11-06-2024,/game/6381233
final,Wake Forest,2,Syracuse,1,1,final,11-06-2024,/game/6381229
final,NC State,1,Virginia,2,-1,final,11-06-2024,/game/6381227
final,Drake,0,Missouri St.,1,-1,final,11-06-2024,/game/6311254
final,Bradley,3,NIU,3,0,final,11-06-2024,/game/6311253
final,SMU,1,Boston College,0,1,final,11-06-2024,/game/6381228
final,UC Irvine,1,Cal St. Fullerton,0,1,final,11-06-2024,/game/6381216
final,Oregon St.,3,Bowling Green,1,1,final,11-06-2024,/game/6311255
final,Stanford,3,Notre Dame,2,1,final,11-07-2024,/game/6381234
final,Warner,0,Stetson,4,-1,final,11-07-2024,/game/6381296
final,Indiana,0,Michigan,1,-1,final,11-07-2024,/game/6381239
final,Monmouth,1,UNCW,1,0,final,11-07-2024,/game/6381247
final,Le Moyne,1,LIU,2,-1,final,11-07-2024,/game/6311257
final,Central Conn. St.,3,Stonehill,2,1,final,11-07-2024,/game/6311258
final,FDU,4,Saint Francis,1,1,final,11-07-2024,/game/6311256
final,Maryland,0,UCLA,6,-1,final,11-07-2024,/game/6381240
final,Hofstra,3,Col. of Charleston,2,1,final,11-07-2024,/game/6381246
final,Washington,0,Michigan St.,0,0,final,11-07-2024,/game/6381241
final,Chicago St.,3,Howard,1,1,final,11-07-2024,/game/6311259
final,Fla. Atlantic,0,FIU,1,-1,final,11-08-2024,/game/6381485
final,Wofford,3,VMI,0,1,final,11-08-2024,/game/6381348
final,Furman,2,Mercer,0,1,final,11-08-2024,/game/6381495
final,Dayton,1,Davidson,0,1,final,11-08-2024,/game/6381491
final,George Mason,2,La Salle,0,1,final,11-08-2024,/game/6381489
final,Charlotte,3,Temple,1,1,final,11-08-2024,/game/6381484
final,Georgetown,1,Creighton,0,1,final,11-09-2024,/game/6381505
final,Massachusetts,0,Saint Louis,0,0,final,11-09-2024,/game/6381492
final,Harvard,2,Dartmouth,0,1,final,11-09-2024,/game/6311261
final,Princeton,0,Penn,1,-1,final,11-09-2024,/game/6311263
final,Omaha,1,Denver,2,-1,final,11-09-2024,/game/6311262
final,Cornell,4,Columbia,1,1,final,11-09-2024,/game/6311264
final,Saint Mary's (CA),2,San Francisco,3,-1,final,11-09-2024,/game/6311260
final,St. John's (NY),2,Seton Hall,0,1,final,11-09-2024,/game/6381506
final,American,2,Loyola Maryland,2,0,final,11-09-2024,/game/6381511
final,Colgate,2,Lehigh,1,1,final,11-09-2024,/game/6381349
final,Central Ark.,3,Queens (NC),2,1,final,11-09-2024,/game/6381499
final,Bryant,4,NJIT,0,1,final,11-09-2024,/game/6381516
final,Duquesne,0,Fordham,3,-1,final,11-09-2024,/game/6381490
final,FGCU,1,Bellarmine,1,0,final,11-09-2024,/game/6381500
final,Akron,3,DePaul,1,1,final,11-09-2024,/game/6381504
final,Brown,1,Yale,0,1,final,11-09-2024,/game/6311268
final,Providence,2,UConn,0,1,final,11-09-2024,/game/6381507
final,UMBC,1,Binghamton,0,1,final,11-09-2024,/game/6381515
final,Kansas City,2,Oral Roberts,1,1,final,11-09-2024,/game/6311267
final,Gonzaga,0,Pacific,2,-1,final,11-09-2024,/game/6311265
final,San Diego,0,Portland,2,-1,final,11-09-2024,/game/6311269
final,UC Santa Barbara,2,UC Irvine,1,1,final,11-09-2024,/game/6381214
final,Santa Clara,0,LMU (CA),1,-1,final,11-09-2024,/game/6311266
final,Western Mich.,1,Evansville,2,-1,final,11-10-2024,/game/6381525
final,Quinnipiac,1,Marist,2,-1,final,11-10-2024,/game/6381549
final,Iona,3,Mount St. Mary's,0,1,final,11-10-2024,/game/6381546
final,Siena,2,Manhattan,1,1,final,11-10-2024,/game/6381548
final,Green Bay,3,Cleveland St.,1,1,final,11-10-2024,/game/6381521
final,Milwaukee,1,Purdue Fort Wayne,0,1,final,11-10-2024,/game/6381520
final,UNC Greensboro,1,Furman,1,0,final,11-10-2024,/game/6381494
final,Lindenwood,2,Western Ill.,1,1,final,11-10-2024,/game/6381530
final,Rider,1,Sacred Heart,0,1,final,11-10-2024,/game/6381547
final,ETSU,1,Wofford,1,0,final,11-10-2024,/game/6381347
final,Elon,0,Hofstra,2,-1,final,11-10-2024,/game/6381243
final,Clemson,1,Stanford,0,1,final,11-10-2024,/game/6381231
final,Drexel,0,UNCW,2,-1,final,11-10-2024,/game/6381245
final,Marshall,3,Old Dominion,2,1,final,11-10-2024,/game/6381541
final,West Virginia,3,Ga. Southern,2,1,final,11-10-2024,/game/6381539
final,Gardner-Webb,2,Presbyterian,0,1,final,11-10-2024,/game/6381218
final,UCLA,1,Michigan,1,0,final,11-10-2024,/game/6381237
final,SMU,2,Wake Forest,2,0,final,11-10-2024,/game/6381226
final,Cal Poly,1,UC Davis,1,0,final,11-10-2024,/game/6381190
final,Liberty,2,UIW,3,-1,final,11-10-2024,/game/6381531
final,Ohio St.,3,Washington,1,1,final,11-10-2024,/game/6381238
final,Bowling Green,4,UIC,1,1,final,11-10-2024,/game/6381526
final,High Point,1,Longwood,0,1,final,11-10-2024,/game/6381219
final,Duke,0,California,2,-1,final,11-10-2024,/game/6381230
final,Utah Valley,0,San Jose St.,1,-1,final,11-10-2024,/game/6381480
final,Kentucky,1,South Carolina,0,1,final,11-10-2024,/game/6381540
final,UCF,1,James Madison,2,-1,final,11-10-2024,/game/6381542
final,Pittsburgh,0,Virginia,2,-1,final,11-10-2024,/game/6381225
final,California Baptist,1,Utah Tech,0,1,final,11-10-2024,/game/6381535
final,Stetson,0,Central Ark.,3,-1,final,11-11-2024,/game/6381497
final,North Florida,3,FGCU,0,1,final,11-11-2024,/game/6381498
final,Bucknell,1,American,1,0,final,11-12-2024,/game/6381510
final,Boston U.,0,Colgate,1,-1,final,11-12-2024,/game/6381509
final,Houston Christian,2,Lindenwood,0,1,final,11-13-2024,/game/6381528
final,Drake,0,Bowling Green,1,-1,final,11-13-2024,/game/6381523
final,New Hampshire,0,Bryant,0,0,final,11-13-2024,/game/6381513
final,San Diego St.,2,San Jose St.,3,-1,final,11-13-2024,/game/6381533
final,Vermont,2,UMBC,1,1,final,11-13-2024,/game/6381514
final,George Mason,1,Saint Louis,2,-1,final,11-13-2024,/game/6381487
final,Dayton,2,Fordham,0,1,final,11-13-2024,/game/6381488
final,Missouri St.,0,Evansville,1,-1,final,11-13-2024,/game/6381524
final,SIUE,1,UIW,0,1,final,11-13-2024,/game/6381529
final,West Virginia,2,Kentucky,1,1,final,11-13-2024,/game/6381537
final,Marshall,1,James Madison,0,1,final,11-13-2024,/game/6381538
final,Seattle U,3,California Baptist,1,1,final,11-13-2024,/game/6381534
final,Iona,3,Marist,1,1,final,11-14-2024,/game/6381544
final,Oakland,2,Green Bay,0,1,final,11-14-2024,/game/6381518
final,Saint Francis,1,LIU,4,-1,final,11-14-2024,/game/6381299
final,Robert Morris,1,Milwaukee,0,1,final,11-14-2024,/game/6381519
final,South Fla.,0,Charlotte,1,-1,final,11-14-2024,/game/6381482
final,Providence,2,St. John's (NY),1,1,final,11-14-2024,/game/6381503
final,Wake Forest,5,Virginia,1,1,final,11-14-2024,/game/6381223
final,FDU,3,Le Moyne,2,1,final,11-14-2024,/game/6381298
final,Rider,1,Siena,0,1,final,11-14-2024,/game/6381545
final,Akron,1,Georgetown,2,-1,final,11-14-2024,/game/6381502
final,Memphis,1,FIU,3,-1,final,11-14-2024,/game/6381483
final,Clemson,3,California,2,1,final,11-14-2024,/game/6381224
final,Penn,2,Brown,1,1,final,11-15-2024,/game/6381933
final,Cornell,2,Princeton,3,-1,final,11-15-2024,/game/6381934
final,UC Santa Barbara,0,UC Davis,2,-1,final,11-15-2024,/game/6381189
final,Oakland,0,Robert Morris,1,-1,final,11-16-2024,/game/6381517
final,Denver,1,Kansas City,2,-1,final,11-16-2024,/game/6381935
final,High Point,1,Gardner-Webb,2,-1,final,11-16-2024,/game/6381217
final,Bucknell,3,Colgate,0,1,final,11-16-2024,/game/6381508
final,Hofstra,1,UNCW,0,1,final,11-16-2024,/game/6381242
final,North Florida,3,Central Ark.,3,0,final,11-16-2024,/game/6381496
final,SIUE,3,Houston Christian,2,1,final,11-16-2024,/game/6381527
final,Bowling Green,2,Evansville,3,-1,final,11-16-2024,/game/6381522
final,Seattle U,3,San Jose St.,0,1,final,11-16-2024,/game/6381532
final,LMU (CA),0,San Diego,1,-1,final,11-16-2024,/game/6311270
final,Portland,3,Oregon St.,2,1,final,11-16-2024,/game/6311271
final,San Francisco,1,Santa Clara,0,1,final,11-16-2024,/game/6311272
final,Pacific,3,Saint Mary's (CA),1,1,final,11-16-2024,/game/6311273
final,Clemson,1,Wake Forest,1,0,final,11-17-2024,/game/6381222
final,Dayton,3,Saint Louis,0,1,final,11-17-2024,/game/6381486
final,FDU,0,LIU,0,0,final,11-17-2024,/game/6381297
final,Providence,1,Georgetown,2,-1,final,11-17-2024,/game/6381501
final,Charlotte,2,FIU,1,1,final,11-17-2024,/game/6381481
final,Penn,1,Princeton,3,-1,final,11-17-2024,/game/6381932
final,Iona,1,Rider,0,1,final,11-17-2024,/game/6381543
final,West Virginia,0,Marshall,0,0,final,11-17-2024,/game/6381536
final,Vermont,2,Bryant,1,1,final,11-17-2024,/game/6381512
final,ETSU,0,Furman,2,-1,final,11-17-2024,/game/6381493
final,Ohio St.,1,Michigan,0,1,final,11-17-2024,/game/6381236
